time,duty,rpm
0.021,0.0,0
0.073,0.0,0
0.124,0.0,0
0.176,0.0,0
0.227,0.0,0
0.278,0.0,0
0.33,0.0,0
0.381,0.0,0
0.433,0.0,0
0.484,0.0,0
0.536,-0.009,0
0.587,-0.019,0
0.689,-0.039,-238
0.792,-0.06,-1053
0.843,-0.07,-2611
0.894,-0.079,-3844
0.945,-0.09,-4892
0.997,-0.099,-5882
1.048,-0.099,-6822
1.099,-0.099,-7288
1.15,-0.099,-7502
1.202,-0.099,-7596
1.253,-0.099,-7638
1.304,-0.099,-7659
1.355,-0.099,-7678
1.407,-0.1,-7677
1.458,-0.099,-7679
1.509,-0.1,-7678
1.561,-0.099,-7673
1.612,-0.099,-7677
1.663,-0.099,-7674
1.715,-0.099,-7678
1.766,-0.099,-7682
1.817,-0.099,-7671
1.868,-0.099,-7668
1.92,-0.099,-7664
1.971,-0.099,-7666
2.022,-0.099,-7661
2.074,-0.099,-7657
2.125,-0.099,-7656
2.176,-0.099,-7641
2.227,-0.099,-7647
2.278,-0.099,-7640
2.33,-0.099,-7644
2.381,-0.099,-7651
2.432,-0.099,-7637
2.483,-0.099,-7637
2.535,-0.099,-7644
2.586,-0.099,-7644
2.637,-0.099,-7648
2.688,-0.099,-7657
2.74,-0.099,-7641
2.791,-0.099,-7661
2.843,-0.099,-7669
2.894,-0.099,-7661
2.946,-0.1,-7683
2.998,-0.099,-7681
3.05,-0.099,-7681
3.102,-0.099,-7692
3.153,-0.099,-7687
3.205,-0.099,-7695
3.257,-0.099,-7695
3.309,-0.099,-7689
3.36,-0.099,-7689
3.463,-0.099,-7681
3.515,-0.099,-7681
3.566,-0.099,-7690
3.618,-0.099,-7679
3.67,-0.099,-7681
3.722,-0.099,-7685
3.773,-0.099,-7682
3.825,-0.099,-7685
3.877,-0.099,-7687
3.928,-0.099,-7686
3.98,-0.1,-7681
4.032,-0.1,-7675
4.083,-0.099,-7668
4.135,-0.099,-7667
0.021,0.0,0
0.072,0.0,0
0.123,0.0,0
0.175,0.0,0
0.226,0.0,0
0.277,0.0,0
0.328,0.0,0
0.379,0.0,0
0.43,0.0,0
0.481,0.0,0
0.532,-0.01,0
0.583,-0.02,0
0.633,-0.03,-245
0.684,-0.04,-232
0.735,-0.049,-552
0.786,-0.06,-964
0.837,-0.07,-2546
0.888,-0.079,-3767
0.939,-0.089,-4833
0.99,-0.099,-5800
1.041,-0.109,-6765
1.091,-0.12,-7703
1.142,-0.13,-8620
1.193,-0.14,-9551
1.244,-0.149,-10483
1.295,-0.16,-11420
1.346,-0.169,-12351
1.397,-0.18,-13267
1.448,-0.189,-14212
1.499,-0.199,-15165
1.55,-0.21,-16077
1.601,-0.219,-16915
1.652,-0.23,-17595
1.703,-0.24,-18056
1.754,-0.249,-18330
1.805,-0.26,-18418
1.856,-0.27,-18341
1.906,-0.279,-18108
1.957,-0.29,-17737
2.008,-0.299,-17231
2.059,-0.31,-16590
2.11,-0.32,-15825
2.161,-0.33,-14965
2.212,-0.34,-14044
2.263,-0.35,-13070
2.314,-0.36,-12069
2.365,-0.183,-11032
2.416,-0.062,-8962
2.467,-0.022,-6134
2.518,-0.001,-731
2.569,0.0,13
2.62,0.0,21
2.671,0.0,20
2.721,0.0,0
2.772,0.0,-1
2.823,0.0,0
2.874,0.0,-1
2.925,-0.051,-14
2.976,-0.048,0
3.078,-0.049,-542
3.129,-0.054,-1018
3.18,-0.177,-2698
3.231,-0.05,-4523
3.282,-0.016,-3613
3.333,0.003,89
0.021,0.0,0
0.072,0.0,0
0.123,0.0,0
0.174,0.0,0
0.225,0.0,0
0.276,0.0,0
0.327,0.0,0
0.378,0.0,0
0.429,0.0,0
0.48,0.0,0
0.531,-0.009,0
0.582,-0.02,0
0.633,-0.03,-245
0.684,-0.039,-232
0.735,-0.048,-551
0.786,-0.06,-976
0.837,-0.07,-2578
0.888,-0.08,-3814
0.939,-0.09,-4869
0.99,-0.099,-5851
1.041,-0.109,-6813
1.092,-0.12,-7742
1.143,-0.13,-8676
1.193,-0.14,-9608
1.244,-0.149,-10537
1.295,-0.16,-11477
1.346,-0.17,-12422
1.397,-0.18,-13366
1.448,-0.189,-14297
1.499,-0.199,-15214
1.55,-0.21,-16091
1.6,-0.219,-16866
1.651,-0.229,-17438
1.702,-0.24,-17769
1.753,-0.249,-17865
1.804,-0.26,-17770
1.855,-0.27,-17496
1.907,-0.28,-17107
1.958,-0.29,-16625
2.009,-0.299,-16091
2.06,-0.31,-15539
2.112,-0.319,-14944
2.163,-0.33,-14302
2.214,-0.339,-13605
2.265,-0.35,-12860
2.317,-0.36,-12076
2.368,-0.369,-11259
2.419,-0.096,-10059
2.47,-0.045,-7736
2.522,-0.012,-4337
2.573,0.0,8
0.021,0.0,0
0.072,0.0,0
0.123,0.0,0
0.174,0.0,0
0.225,0.0,0
0.276,0.0,0
0.327,0.0,0
0.379,0.0,0
0.43,0.0,0
0.48,0.0,0
0.532,-0.009,0
0.582,-0.02,0
0.633,-0.03,-244
0.684,-0.039,-233
0.735,-0.047,-555
0.786,-0.06,-960
0.837,-0.07,-2501
0.888,-0.079,-3789
0.938,-0.09,-4840
0.989,-0.099,-5823
1.04,-0.109,-6786
1.091,-0.12,-7724
1.142,-0.13,-8651
1.193,-0.14,-9575
1.244,-0.149,-10496
1.295,-0.16,-11415
1.345,-0.17,-12343
1.396,-0.18,-13259
1.447,-0.189,-14180
1.498,-0.2,-15069
1.549,-0.21,-15932
1.6,-0.219,-16675
1.651,-0.23,-17250
1.702,-0.24,-17663
1.752,-0.249,-17905
1.803,-0.26,-18000
1.854,-0.27,-17944
1.905,-0.279,-17757
1.956,-0.29,-17450
2.007,-0.299,-17037
2.058,-0.309,-16521
2.109,-0.32,-15905
2.159,-0.33,-15185
2.21,-0.34,-14386
2.261,-0.35,-13498
2.313,-0.349,-12543
2.364,-0.349,-11564
2.415,-0.339,-10588
2.466,-0.068,-8964
2.517,-0.026,-6304
2.569,0.002,-8
2.62,0.0,-38
2.671,0.0,-52
2.723,0.0,-48
0.021,0.0,0
0.072,0.0,0
0.123,0.0,0
0.174,0.0,0
0.225,0.0,0
0.276,0.0,0
0.327,0.0,0
0.378,0.0,0
0.429,0.0,0
0.48,0.0,0
0.532,-0.009,0
0.583,-0.019,0
0.633,-0.03,-254
0.684,-0.039,-238
0.735,-0.049,-556
0.786,-0.059,-958
0.837,-0.07,-2541
0.888,-0.079,-3749
0.939,-0.09,-4822
0.99,-0.099,-5788
1.041,-0.109,-6765
1.092,-0.12,-7698
1.142,-0.13,-8626
1.193,-0.14,-9566
1.244,-0.149,-10511
1.295,-0.159,-11461
1.346,-0.169,-12417
1.397,-0.18,-13358
1.448,-0.189,-14295
1.499,-0.199,-15220
1.549,-0.209,-16128
1.6,-0.22,-16959
1.651,-0.23,-17646
1.702,-0.24,-18117
1.753,-0.249,-18377
1.804,-0.26,-18430
1.855,-0.269,-18271
1.906,-0.279,-17922
1.957,-0.289,-17405
2.008,-0.299,-16760
2.059,-0.299,-15999
2.109,-0.299,-15180
2.16,-0.299,-14395
2.211,-0.299,-13674
2.262,-0.299,-13041
2.313,-0.299,-12504
2.364,-0.299,-12043
2.415,-0.299,-11655
2.466,-0.299,-11319
2.517,-0.299,-11028
2.568,-0.299,-10768
2.619,-0.299,-10523
2.67,-0.3,-10300
2.721,-0.299,-10092
2.772,-0.3,-9895
2.823,-0.299,-9717
2.874,-0.299,-9541
2.925,-0.299,-9384
2.977,-0.299,-9231
3.028,-0.299,-9103
3.079,-0.299,-8985
3.13,-0.299,-8867
3.182,-0.299,-8743
3.233,-0.299,-8598
3.284,-0.299,-8445
3.336,-0.3,-8273
3.388,-0.297,-8080
3.44,-0.107,-7814
3.491,-0.038,-6090
3.543,-0.001,-1213
3.595,0.001,2
3.647,0.0,16
3.698,0.0,16
3.75,0.0,-2
3.802,0.0,-3
3.853,0.0,-3
3.905,0.0,0
3.957,-0.045,9
4.009,-0.048,0
4.06,-0.052,-276
4.112,-0.055,-634
4.164,-0.054,-1091
4.216,-0.299,-3695
4.268,-0.3,-6114
4.319,-0.299,-7109
4.371,-0.065,-6893
4.423,-0.022,-5020
4.475,0.001,-214
4.526,0.001,109
4.578,0.0,-19
4.63,0.0,-28
4.682,0.0,-14
4.734,0.0,-3
4.785,0.0,-4
4.837,0.0,-6
4.889,-0.059,60
4.941,-0.061,-2856
4.993,-0.02,-3056
5.045,0.001,6
5.097,-0.001,-5
5.148,0.0,-33
5.2,0.0,-36
5.252,0.0,-15
5.304,0.0,-1
5.356,0.0,-3
5.407,0.0,-4
5.51,-0.051,-1654
5.562,-0.009,-1864
5.614,0.001,54
5.665,0.0,9
5.717,0.0,-2
5.769,0.0,-3
5.821,0.0,0
5.873,0.0,-3
5.924,0.0,-17
5.976,0.0,-35
6.028,-0.299,-1698
6.08,-0.045,-3942
6.131,-0.011,-3027
6.183,0.003,86
6.235,0.0,33
6.287,0.0,44
6.339,0.0,38
6.39,0.0,29
6.442,0.0,-1
6.494,0.0,-3
6.546,0.0,-3
6.597,-0.049,-17
6.7,-0.055,-277
6.752,-0.056,-631
6.804,-0.051,-1088
6.856,-0.3,-3651
6.908,-0.299,-6048
6.96,-0.294,-7073
7.011,-0.299,-7506
7.063,-0.299,-7656
7.115,-0.22,-7707
7.167,-0.049,-6636
7.219,-0.014,-4409
7.271,0.002,47
7.322,-0.001,-27
7.374,0.0,-41
7.426,0.0,-41
7.478,0.0,-35
7.529,0.0,-16
7.581,0.0,-12
7.633,0.0,-11
7.685,-0.071,-118
7.737,-0.05,-20
7.789,-0.055,-274
7.891,-0.054,-1084
7.943,-0.299,-3658
7.995,-0.299,-6194
8.047,-0.299,-7339
8.098,-0.299,-7831
8.151,-0.299,-8039
8.202,-0.299,-8119
8.254,-0.299,-8135
8.306,-0.299,-8131
8.358,-0.299,-8124
8.41,-0.297,-8099
8.462,-0.299,-8061
8.513,-0.299,-8042
8.565,-0.299,-8016
8.617,-0.299,-7980
8.669,-0.299,-7962
8.72,-0.299,-7954
8.772,-0.299,-7937
8.824,-0.3,-7908
8.876,-0.298,-7883
8.928,-0.051,-6987
8.98,-0.015,-4714
9.032,0.0,17
9.084,0.0,39
9.136,0.0,38
9.187,0.0,31
9.239,0.0,0
9.291,0.0,-2
9.343,0.0,0
9.395,0.0,-1
9.599,-0.049,0
9.6,-0.052,-273
9.6,-0.05,-604
9.652,-0.051,-1081
9.703,-0.299,-3509
9.755,-0.299,-5998
9.807,-0.298,-7025
9.859,-0.099,-7277
9.911,-0.03,-5738
9.963,-0.002,-1599
10.015,0.0,36
10.066,0.0,108
10.118,0.0,112
10.17,0.0,93
0.021,0.0,0
0.072,0.0,0
0.123,0.0,0
0.174,0.0,0
0.225,0.0,0
0.276,0.0,0
0.328,0.0,0
0.379,0.0,0
0.43,0.0,0
0.481,0.0,0
0.532,0.01,0
0.582,-0.019,0
0.735,-0.048,-549
0.786,-0.06,-960
0.837,-0.07,-2551
0.888,-0.079,-3793
0.938,-0.09,-4822
0.989,-0.099,-5819
1.04,-0.109,-6768
1.091,-0.12,-7711
1.142,-0.13,-8655
1.193,-0.14,-9587
1.244,-0.149,-10515
1.295,-0.16,-11458
1.346,-0.17,-12410
1.397,-0.18,-13360
1.448,-0.189,-14292
1.498,-0.199,-15213
1.549,-0.2,-16098
1.6,-0.199,-16647
1.651,-0.199,-16909
1.702,-0.199,-17027
1.753,-0.199,-17083
1.804,-0.2,-17104
1.855,-0.199,-17100
1.906,-0.199,-17087
1.957,-0.199,-17072
2.008,-0.199,-17070
2.059,-0.199,-17061
2.11,-0.199,-17068
2.16,-0.199,-17072
2.211,-0.199,-17087
2.262,-0.199,-17108
2.313,-0.199,-17118
2.365,-0.199,-17134
2.416,-0.199,-17148
2.467,-0.199,-17152
2.519,-0.199,-17151
2.57,-0.199,-17148
2.621,-0.199,-17151
2.673,-0.199,-17151
2.724,-0.199,-17149
2.775,-0.199,-17141
2.826,-0.2,-17122
2.878,-0.199,-17107
2.929,-0.199,-17097
2.98,-0.199,-17082
3.032,-0.199,-17078
3.083,-0.199,-17071
3.134,-0.199,-17084
3.186,-0.199,-17097
3.237,-0.199,-17110
3.29,-0.199,-17124
3.342,-0.199,-17135
3.394,-0.199,-17148
3.446,-0.199,-17163
3.498,-0.199,-17164
3.549,-0.199,-17165
3.601,-0.199,-17159
3.653,-0.2,-17157
3.705,-0.199,-17154
3.757,-0.199,-17135
3.81,-0.199,-17116
3.862,-0.2,-17099
3.914,-0.199,-17089
3.966,-0.199,-17088
4.017,-0.2,-17083
4.07,-0.199,-17093
4.122,-0.199,-17097
4.174,-0.199,-17116
4.226,-0.199,-17132
4.277,-0.199,-17152
4.329,-0.2,-17168
4.382,-0.2,-17171
4.433,-0.199,-17173
4.485,-0.2,-17173
4.537,-0.199,-17175
4.59,-0.199,-17170
4.642,-0.199,-17164
4.695,-0.199,-17154
4.746,-0.199,-17135
4.798,-0.199,-17117
4.85,-0.199,-17106
4.902,-0.199,-17090
4.954,-0.199,-17086
5.006,-0.199,-17085
5.058,-0.2,-17103
5.11,-0.199,-17116
5.163,-0.199,-17128
5.215,-0.199,-17144
5.266,-0.2,-17153
5.318,-0.199,-17162
5.37,-0.199,-17171
5.422,-0.199,-17172
5.474,-0.199,-17167
5.525,-0.2,-17166
5.577,-0.199,-17164
5.629,-0.199,-17158
5.681,-0.199,-17146
5.734,-0.199,-17133
5.785,-0.199,-17117
5.838,-0.199,-17107
5.89,-0.2,-17096
5.941,-0.199,-17093
5.994,-0.199,-17104
6.046,-0.199,-17122
6.098,-0.199,-17143
6.15,-0.199,-17153
6.202,-0.199,-17167
6.254,-0.199,-17172
6.306,-0.199,-17177
6.359,-0.199,-17179
6.411,-0.199,-17176
6.463,-0.199,-17178
6.514,-0.199,-17182
6.566,-0.199,-17179
6.618,-0.199,-17165
6.67,-0.199,-17144
6.721,-0.199,-17124
6.773,-0.199,-17108
6.825,-0.199,-17100
6.877,-0.199,-17099
6.929,-0.199,-17101
7.032,-0.199,-17128
7.083,-0.2,-17149
7.135,-0.199,-17163
7.187,-0.199,-17172
7.239,-0.2,-17178
7.291,-0.199,-17177
7.342,-0.199,-17176
7.394,-0.199,-17177
7.446,-0.199,-17175
7.498,-0.199,-17173
7.55,-0.199,-17168
7.602,-0.199,-17152
7.653,-0.199,-17131
7.705,-0.199,-17113
7.757,-0.199,-17116
7.809,-0.199,-17103
7.861,-0.199,-17109
7.913,-0.199,-17111
7.964,-0.199,-17131
8.016,-0.199,-17155
8.068,-0.199,-17168
8.12,-0.199,-17183
8.172,-0.199,-17189
8.223,-0.2,-17191
8.275,-0.199,-17196
8.327,-0.199,-17192
8.379,-0.199,-17191
8.43,-0.199,-17190
8.482,-0.2,-17179
8.534,-0.199,-17168
8.586,-0.199,-17153
8.637,-0.199,-17140
8.689,-0.199,-17126
8.741,-0.199,-17115
8.793,-0.199,-17112
8.845,-0.199,-17108
8.898,-0.199,-17120
8.949,-0.199,-17129
9.001,-0.199,-17147
9.054,-0.2,-17161
0.021,0.0,0
0.072,0.0,0
0.123,0.0,0
0.174,0.0,0
0.225,0.0,0
0.277,0.0,0
0.328,0.0,0
0.379,0.0,0
0.43,0.0,0
0.481,0.0,0
0.539,-0.009,0
0.59,-0.02,0
0.641,-0.03,-248
0.692,-0.039,-241
0.744,-0.049,-561
0.795,-0.06,-1039
0.846,-0.07,-2391
0.897,-0.08,-3681
0.949,-0.09,-4787
1.0,-0.099,-5803
1.051,-0.109,-6795
1.103,-0.12,-7748
1.154,-0.13,-8677
1.205,-0.14,-9610
1.256,-0.149,-10545
1.308,-0.159,-11483
1.359,-0.17,-12422
1.41,-0.18,-13356
1.462,-0.189,-14275
1.513,-0.199,-15188
1.564,-0.209,-16043
1.616,-0.22,-16735
1.667,-0.23,-17171
1.718,-0.239,-17365
1.77,-0.249,-17356
1.821,-0.25,-17153
1.872,-0.249,-16860
1.923,-0.249,-16542
1.975,-0.249,-16259
2.026,-0.249,-16032
2.077,-0.25,-15859
2.129,-0.249,-15711
2.18,-0.25,-15581
2.231,-0.249,-15460
2.283,-0.249,-15332
2.334,-0.249,-15198
2.385,-0.249,-15083
2.436,-0.25,-14971
2.488,-0.249,-14861
2.539,-0.249,-14733
2.59,-0.249,-14601
2.642,-0.249,-14445
2.694,-0.249,-14264
2.745,-0.249,-14069
2.797,-0.249,-13869
2.849,-0.249,-13688
2.901,-0.249,-13531
2.953,-0.249,-13398
3.006,-0.249,-13306
3.057,-0.249,-13254
3.109,-0.249,-13257
3.161,-0.249,-13307
3.213,-0.25,-13401
3.265,-0.249,-13518
3.316,-0.249,-13658
3.368,-0.249,-13786
3.421,-0.249,-13905
3.473,-0.249,-14004
3.525,-0.25,-14093
3.577,-0.249,-14168
3.629,-0.249,-14219
3.681,-0.249,-14251
3.733,-0.25,-14253
3.785,-0.249,-14238
3.837,-0.249,-14168
3.889,-0.249,-14061
3.941,-0.249,-13934
3.993,-0.249,-13806
4.044,-0.249,-13676
4.096,-0.249,-13553
4.148,-0.25,-13441
4.2,-0.249,-13362
4.252,-0.249,-13319
4.303,-0.249,-13328
4.355,-0.249,-13364
4.407,-0.249,-13438
4.459,-0.249,-13550
4.51,-0.25,-13679
4.562,-0.249,-13785
4.614,-0.249,-13882
4.666,-0.249,-13975
4.718,-0.249,-14059
4.769,-0.249,-14140
4.821,-0.25,-14219
4.873,-0.249,-14269
4.925,-0.249,-14286
4.977,-0.249,-14275
5.029,-0.249,-14224
5.08,-0.249,-14141
5.132,-0.249,-14035
5.184,-0.249,-13933
5.236,-0.249,-13823
5.287,-0.249,-13713
5.339,-0.25,-13614
5.391,-0.249,-13537
5.443,-0.249,-13489
5.494,-0.249,-13487
5.546,-0.25,-13524
5.598,-0.249,-13593
5.65,-0.249,-13712
5.701,-0.249,-13851
5.753,-0.249,-13990
5.805,-0.25,-14130
5.857,-0.249,-14251
5.909,-0.249,-14351
5.961,-0.249,-14432
6.012,-0.249,-14491
6.064,-0.25,-14536
6.116,-0.249,-14558
6.168,-0.249,-14567
6.22,-0.25,-14519
6.271,-0.249,-14419
6.323,-0.249,-14274
6.375,-0.249,-14130
6.427,-0.249,-14000
6.479,-0.249,-13896
6.531,-0.249,-13825
6.583,-0.25,-13783
6.634,-0.249,-13784
6.686,-0.249,-13821
6.738,-0.249,-13898
6.79,-0.25,-14011
6.842,-0.249,-14146
6.894,-0.249,-14287
6.946,-0.249,-14418
6.997,-0.249,-14534
7.049,-0.249,-14630
7.101,-0.249,-14717
7.153,-0.249,-14781
7.205,-0.249,-14812
7.256,-0.249,-14805
7.308,-0.249,-14774
7.36,-0.249,-14718
7.412,-0.249,-14612
7.464,-0.249,-14470
7.515,-0.25,-14291
7.567,-0.249,-14112
7.619,-0.249,-13950
7.671,-0.249,-13822
7.723,-0.249,-13736
7.774,-0.249,-13696
7.826,-0.249,-13710
7.878,-0.25,-13773
7.93,-0.249,-13886
7.982,-0.249,-14030
8.034,-0.249,-14169
8.086,-0.249,-14305
8.137,-0.25,-14441
8.189,-0.249,-14544
8.241,-0.25,-14633
8.293,-0.249,-14695
8.345,-0.249,-14731
8.397,-0.25,-14737
8.448,-0.25,-14694
8.5,-0.25,-14610
8.552,-0.249,-14478
8.604,-0.25,-14317
8.655,-0.249,-14135
8.707,-0.25,-13951
8.759,-0.249,-13792
8.811,-0.249,-13659
8.863,-0.249,-13566
8.915,-0.249,-13503
8.966,-0.25,-13495
9.018,-0.249,-13535
9.07,-0.25,-13623
9.122,-0.249,-13749
9.174,-0.249,-13888
9.226,-0.249,-14015
9.277,-0.249,-14136
9.329,-0.249,-14214
9.381,-0.249,-14240
9.433,-0.249,-14238
9.485,-0.25,-14264
9.536,-0.25,-14273
9.588,-0.25,-14247
9.64,-0.249,-14192
9.692,-0.249,-14093
9.744,-0.249,-13943
9.796,-0.25,-13745
9.848,-0.249,-13539
9.9,-0.249,-13325
9.951,-0.249,-13129
10.004,-0.249,-12975
10.056,-0.25,-12881
10.107,-0.249,-12844
10.159,-0.249,-12850
10.211,-0.25,-12916
10.263,-0.249,-13029
10.314,-0.249,-13194
10.367,-0.249,-13387
10.419,-0.249,-13573
10.47,-0.249,-13754
10.522,-0.249,-13923
10.574,-0.249,-14060
10.626,-0.249,-14173
10.679,-0.249,-14256
10.731,-0.249,-14321
10.783,-0.249,-14352
10.834,-0.25,-14327
10.887,-0.25,-14214
10.939,-0.249,-14043
10.99,-0.249,-13824
11.043,-0.25,-13599
11.095,-0.249,-13399
11.147,-0.249,-13231
11.199,-0.249,-13094
11.251,-0.249,-13008
11.303,-0.249,-12974
11.354,-0.249,-12992
11.406,-0.249,-13050
11.458,-0.249,-13148
11.51,-0.249,-13283
11.562,-0.249,-13445
11.614,-0.249,-13609
11.665,-0.25,-13775
11.717,-0.249,-13919
11.769,-0.25,-14035
11.821,-0.249,-14128
11.873,-0.25,-14202
11.925,-0.249,-14278
11.977,-0.249,-14325
12.029,-0.249,-14317
12.081,-0.249,-14243
12.133,-0.25,-14099
12.185,-0.249,-13913
12.236,-0.25,-13697
12.288,-0.249,-13467
12.341,-0.249,-13245
12.392,-0.249,-13071
12.445,-0.249,-12963
12.497,-0.249,-12932
12.548,-0.249,-12956
12.6,-0.249,-13029
12.653,-0.25,-13158
12.705,-0.249,-13325
12.757,-0.249,-13512
12.808,-0.249,-13684
12.86,-0.249,-13849
12.912,-0.249,-13982
12.964,-0.25,-14080
13.015,-0.249,-14153
13.067,-0.249,-14207
13.119,-0.249,-14235
13.171,-0.249,-14230
13.223,-0.249,-14195
13.276,-0.249,-14092
13.328,-0.249,-13930
13.38,-0.25,-13721
13.432,-0.25,-13507
13.483,-0.249,-13302
13.536,-0.249,-13126
13.587,-0.249,-12972
13.639,-0.249,-12851
13.691,-0.249,-12782
13.743,-0.249,-12774
13.795,-0.249,-12823
13.847,-0.249,-12897
13.899,-0.25,-13017
13.95,-0.249,-13166
14.002,-0.249,-13323
14.054,-0.249,-13482
14.106,-0.249,-13623
14.158,-0.249,-13723
14.209,-0.249,-13797
14.261,-0.249,-13869
14.313,-0.249,-13935
14.365,-0.249,-13986
14.417,-0.25,-13994
14.469,-0.249,-13950
14.52,-0.25,-13845
14.572,-0.249,-13685
14.624,-0.249,-13496
14.675,-0.249,-13303
14.727,-0.249,-13120
14.779,-0.25,-12952
0.022,0.0,0
0.073,0.0,0
0.125,0.0,0
0.176,0.0,0
0.228,0.0,0
0.279,0.0,0
0.331,0.0,0
0.382,0.0,0
0.434,0.0,0
0.485,0.0,0
0.539,-0.01,0
0.59,-0.019,0
0.642,-0.03,-285
0.693,-0.04,-260
0.795,-0.06,-1011
0.846,-0.07,-2537
0.897,-0.079,-3811
0.949,-0.09,-4862
1.0,-0.099,-5859
1.051,-0.109,-6811
1.102,-0.12,-7753
1.154,-0.13,-8687
1.205,-0.14,-9619
1.256,-0.15,-10543
1.307,-0.159,-11484
1.359,-0.17,-12426
1.41,-0.18,-13364
1.461,-0.189,-14277
1.512,-0.199,-15157
1.564,-0.199,-15933
1.615,-0.199,-16459
1.666,-0.2,-16727
1.718,-0.199,-16858
1.769,-0.2,-16915
1.82,-0.199,-16963
1.871,-0.199,-16994
1.923,-0.199,-17025
1.974,-0.199,-17043
2.025,-0.199,-17073
2.077,-0.199,-17092
2.128,-0.199,-17107
2.179,-0.199,-17104
2.231,-0.199,-17104
2.282,-0.199,-17112
2.333,-0.2,-17108
2.384,-0.199,-17102
2.436,-0.199,-17083
2.487,-0.199,-17050
2.538,-0.199,-17023
2.59,-0.199,-16988
2.641,-0.199,-16983
2.692,-0.199,-16966
2.744,-0.2,-16977
2.796,-0.199,-16989
2.848,-0.199,-17016
2.899,-0.199,-17042
2.951,-0.199,-17066
3.003,-0.199,-17087
3.055,-0.199,-17099
3.107,-0.199,-17105
3.158,-0.199,-17111
3.211,-0.199,-17102
3.263,-0.199,-17096
3.316,-0.199,-17101
3.367,-0.199,-17089
3.419,-0.199,-17074
3.471,-0.199,-17043
3.523,-0.199,-17008
3.575,-0.199,-16987
3.627,-0.199,-16967
3.68,-0.199,-16965
3.731,-0.199,-16965
3.784,-0.199,-16995
3.835,-0.199,-17014
3.887,-0.199,-17044
3.939,-0.2,-17060
3.991,-0.199,-17082
4.043,-0.199,-17086
4.094,-0.199,-17092
4.146,-0.199,-17088
4.198,-0.199,-17092
4.25,-0.199,-17091
4.301,-0.199,-17081
4.353,-0.199,-17071
4.405,-0.199,-17042
4.457,-0.199,-17015
4.508,-0.199,-16973
4.56,-0.199,-16954
4.612,-0.199,-16947
4.664,-0.199,-16943
4.716,-0.199,-16962
4.768,-0.199,-16977
4.819,-0.199,-17007
4.871,-0.199,-17042
4.923,-0.199,-17067
4.975,-0.199,-17080
5.027,-0.199,-17084
5.078,-0.199,-17086
5.13,-0.199,-17086
5.182,-0.199,-17080
5.233,-0.199,-17084
5.285,-0.199,-17083
5.337,-0.199,-17066
5.389,-0.199,-17048
5.44,-0.199,-17008
5.492,-0.199,-16989
5.544,-0.199,-16973
5.596,-0.199,-16967
5.648,-0.199,-16975
5.7,-0.199,-16987
5.753,-0.199,-17007
5.805,-0.199,-17032
5.857,-0.199,-17057
5.91,-0.199,-17082
5.962,-0.2,-17087
6.014,-0.199,-17092
6.065,-0.199,-17086
6.117,-0.199,-17085
6.169,-0.199,-17095
6.221,-0.199,-17087
6.272,-0.199,-17077
6.324,-0.199,-17042
6.376,-0.199,-17007
6.428,-0.199,-16980
6.48,-0.199,-16957
6.531,-0.199,-16961
6.584,-0.199,-16943
6.636,-0.199,-16955
6.688,-0.2,-16971
6.74,-0.199,-17006
6.791,-0.199,-17035
6.844,-0.199,-17062
6.947,-0.199,-17094
6.998,-0.2,-17096
7.05,-0.199,-17087
7.102,-0.199,-17078
7.154,-0.2,-17071
7.206,-0.2,-17071
7.257,-0.199,-17051
7.31,-0.199,-17030
7.362,-0.199,-16991
7.414,-0.199,-16969
7.465,-0.199,-16965
7.517,-0.199,-16962
7.569,-0.199,-16980
7.62,-0.199,-16979
7.672,-0.199,-17006
7.724,-0.199,-17025
7.776,-0.199,-17053
7.828,-0.199,-17063
7.88,-0.199,-17071
7.933,-0.199,-17079
7.985,-0.199,-17087
8.036,-0.199,-17084
8.089,-0.199,-17088
8.141,-0.199,-17085
8.193,-0.199,-17067
8.245,-0.199,-17041
8.296,-0.199,-17006
8.349,-0.199,-16985
8.401,-0.199,-16958
8.453,-0.199,-16948
8.505,-0.199,-16936
8.557,-0.199,-16945
8.609,-0.199,-16979
8.661,-0.199,-17010
8.713,-0.199,-17037
8.765,-0.199,-17062
8.817,-0.199,-17072
8.869,-0.199,-17079
8.921,-0.199,-17081
8.974,-0.199,-17070
9.026,-0.199,-17067
9.078,-0.199,-17059
9.13,-0.199,-17070
9.182,-0.199,-17057
9.233,-0.199,-17030
9.285,-0.199,-17005
9.337,-0.199,-16983
9.389,-0.199,-16992
9.442,-0.199,-16975
9.494,-0.199,-16977
9.546,-0.199,-16970
9.598,-0.199,-16996
9.651,-0.199,-17012
9.703,-0.199,-17048
9.755,-0.199,-17066
9.807,-0.199,-17078
9.859,-0.2,-17084
9.911,-0.199,-17099
9.963,-0.199,-17095
10.015,-0.199,-17111
10.067,-0.199,-17111
10.119,-0.199,-17099
10.171,-0.199,-17082
10.223,-0.199,-17044
10.274,-0.199,-17020
10.326,-0.199,-17003
10.378,-0.199,-16993
10.43,-0.199,-16987
10.481,-0.199,-16979
10.533,-0.199,-16996
10.585,-0.199,-17020
10.637,-0.199,-17053
10.689,-0.2,-17074
10.74,-0.199,-17074
10.792,-0.199,-17070
10.844,-0.199,-17074
10.896,-0.199,-17061
10.947,-0.199,-17055
10.999,-0.199,-17048
11.051,-0.199,-17054
11.103,-0.199,-17056
11.155,-0.199,-17035
11.206,-0.199,-17022
11.258,-0.199,-17001
11.31,-0.199,-16998
11.362,-0.199,-16992
11.413,-0.199,-16985
11.465,-0.199,-16987
11.517,-0.199,-17003
11.569,-0.199,-17017
11.62,-0.199,-17045
11.672,-0.199,-17069
11.724,-0.199,-17084
11.776,-0.199,-17094
11.828,-0.199,-17097
11.88,-0.199,-17098
11.932,-0.199,-17095
11.984,-0.199,-17107
12.036,-0.199,-17094
12.088,-0.199,-17079
12.14,-0.199,-17042
12.192,-0.2,-17007
12.243,-0.2,-16987
12.295,-0.2,-16974
12.347,-0.199,-16980
12.399,-0.199,-16980
12.451,-0.199,-17009
12.502,-0.199,-17033
12.554,-0.199,-17059
12.606,-0.199,-17077
12.658,-0.199,-17086
12.709,-0.199,-17091
12.761,-0.199,-17099
12.813,-0.199,-17101
12.865,-0.199,-17093
12.916,-0.199,-17106
12.968,-0.199,-17095
13.02,-0.199,-17088
13.072,-0.199,-17054
13.124,-0.199,-17029
13.175,-0.199,-17003
13.227,-0.199,-16986
13.279,-0.2,-16987
13.331,-0.199,-16970
13.383,-0.199,-16983
13.434,-0.199,-16997
13.486,-0.199,-17034
13.538,-0.199,-17054
13.59,-0.199,-17077
0.021,0.0,0
0.072,0.0,0
0.123,0.0,0
0.175,0.0,0
0.226,0.0,0
0.277,0.0,0
0.329,0.0,0
0.38,0.0,0
0.432,0.0,0
0.483,0.0,0
0.539,-0.01,0
0.59,-0.02,0
0.641,-0.03,-261
0.693,-0.039,-240
0.744,-0.049,-558
0.795,-0.06,-1021
0.846,-0.07,-2543
0.898,-0.079,-3788
0.949,-0.09,-4837
1.0,-0.1,-5812
1.052,-0.11,-6773
1.103,-0.12,-7706
1.154,-0.13,-8640
1.205,-0.14,-9582
1.257,-0.149,-10526
1.308,-0.159,-11470
1.359,-0.17,-12421
1.41,-0.18,-13360
1.462,-0.189,-14291
1.513,-0.2,-15195
1.564,-0.209,-16074
1.615,-0.219,-16856
1.667,-0.23,-17429
1.769,-0.249,-17943
1.82,-0.26,-17885
1.872,-0.27,-17598
1.923,-0.28,-17117
1.974,-0.29,-16458
2.025,-0.299,-15668
2.077,-0.299,-14767
2.128,-0.299,-13822
2.179,-0.299,-12905
2.23,-0.299,-12043
2.282,-0.299,-11273
2.333,-0.299,-10595
2.384,-0.299,-10044
2.435,-0.299,-9584
2.487,-0.299,-9195
2.538,-0.299,-8844
2.589,-0.299,-8573
2.641,-0.299,-8333
2.692,-0.299,-8139
2.743,-0.108,-7846
2.795,-0.035,-6119
2.847,-0.004,-2367
2.898,0.001,135
2.95,0.0,19
3.002,0.0,26
3.054,0.0,24
0.021,0.0,0
0.072,0.0,0
0.123,0.0,0
0.174,0.0,0
0.225,0.0,0
0.276,0.0,0
0.327,0.0,0
0.378,0.0,0
0.429,0.0,0
0.48,0.0,0
0.531,-0.01,0
0.582,-0.019,0
0.633,-0.029,-257
0.734,-0.046,-548
0.785,-0.06,-955
0.836,-0.07,-2545
0.888,-0.08,-3805
0.939,-0.09,-4867
0.99,-0.099,-5864
1.041,-0.109,-6826
1.093,-0.12,-7775
1.144,-0.13,-8705
1.195,-0.14,-9641
1.247,-0.149,-10567
1.349,-0.169,-12424
1.4,-0.18,-13338
1.452,-0.189,-14237
1.503,-0.199,-15142
1.554,-0.209,-16006
1.605,-0.219,-16724
1.657,-0.23,-17248
1.708,-0.239,-17569
1.759,-0.249,-17762
1.81,-0.26,-17826
1.862,-0.269,-17774
1.913,-0.28,-17599
1.964,-0.29,-17341
2.015,-0.299,-17005
2.067,-0.299,-16541
2.118,-0.299,-16017
2.169,-0.299,-15473
2.221,-0.3,-14939
2.272,-0.3,-14414
2.323,-0.299,-13868
2.375,-0.299,-13323
2.426,-0.299,-12756
2.477,-0.299,-12177
2.528,-0.299,-11629
2.58,-0.299,-11107
2.631,-0.299,-10613
2.682,-0.299,-10164
2.734,-0.299,-9734
2.785,-0.299,-9387
2.837,-0.299,-9045
2.888,-0.299,-8742
2.94,-0.299,-8499
2.992,-0.299,-8346
3.044,-0.299,-8210
3.095,-0.299,-8115
3.148,-0.299,-8114
3.199,-0.299,-8123
3.251,-0.299,-8164
3.303,-0.299,-8221
3.355,-0.299,-8269
3.407,-0.299,-8298
3.459,-0.299,-8318
3.51,-0.299,-8327
3.562,-0.299,-8329
3.614,-0.299,-8328
3.666,-0.299,-8292
3.718,-0.299,-8257
3.77,-0.299,-8193
3.822,-0.299,-8140
3.873,-0.299,-8089
3.925,-0.299,-8033
3.977,-0.299,-7996
4.029,-0.299,-7958
4.082,-0.257,-7923
4.134,-0.299,-7849
4.187,-0.048,-6916
4.239,-0.014,-4567
4.291,0.0,40
4.344,0.0,2
4.395,0.0,1
4.447,0.0,0
4.499,0.0,5
4.551,0.0,4
0.022,0.0,0,24.1,0.0,0.03,22.6
0.124,0.0,0,24.1,0.0,0.0,22.6
0.225,0.0,0,24.1,0.0,0.0,22.6
0.327,0.0,0,24.1,0.0,0.0,22.6
0.429,0.0,0,24.1,0.0,0.0,22.6
0.539,-0.009,0,24.1,0.0,0.0,22.6
0.64,-0.03,-263,24.1,0.08,5.94,22.6
0.742,-0.045,-550,24.1,0.89,34.24,22.6
0.843,-0.07,-2537,24.1,1.32,34.34,22.6
0.945,-0.09,-4784,24.1,0.7,11.56,22.6
1.046,-0.109,-6729,24.1,0.95,12.35,22.7
1.148,-0.13,-8590,24.1,1.21,12.76,22.7
1.249,-0.149,-10440,24.1,1.48,13.25,22.7
1.351,-0.169,-12336,24.1,1.71,13.24,22.7
1.452,-0.189,-14229,24.0,1.97,13.43,22.7
1.554,-0.21,-16064,23.9,2.21,13.47,22.7
1.655,-0.229,-17650,23.0,2.38,13.18,22.7
1.757,-0.249,-18455,21.2,2.41,12.18,22.8
1.858,-0.249,-18448,20.3,2.38,11.36,22.8
1.96,-0.249,-17944,19.6,2.4,11.4,22.8
2.061,-0.249,-17245,18.9,2.4,11.43,22.8
2.163,-0.249,-16637,18.4,2.4,11.43,22.8
2.264,-0.249,-16196,18.0,2.41,11.44,22.8
2.366,-0.25,-15974,18.0,2.39,11.38,22.8
2.467,-0.249,-15990,18.1,2.39,11.35,22.9
2.569,-0.249,-16106,18.2,2.38,11.33,22.9
2.67,-0.249,-16185,18.3,2.39,11.34,22.9
2.771,-0.249,-16230,18.3,2.39,11.35,22.9
2.873,-0.249,-16189,18.2,2.4,11.38,22.9
2.974,-0.249,-15994,17.9,2.4,11.42,22.9
3.076,-0.249,-15644,17.5,2.41,11.45,22.9
3.177,-0.249,-15272,17.1,2.42,11.48,22.9
3.279,-0.25,-14950,16.8,2.41,11.47,22.9
3.38,-0.249,-14829,16.9,2.4,11.42,23.0
3.482,-0.249,-14989,17.2,2.39,11.36,23.0
3.583,-0.249,-15244,17.4,2.39,11.34,23.0
3.685,-0.249,-15501,17.7,2.39,11.33,23.0
3.786,-0.249,-15726,17.9,2.39,11.36,23.0
3.888,-0.249,-15918,18.1,2.39,11.34,23.0
3.989,-0.249,-15986,18.0,2.39,11.38,23.1
4.09,-0.25,-15822,17.7,2.4,11.43,23.1
4.192,-0.249,-15614,17.6,2.4,11.43,23.1
4.293,-0.249,-15462,17.4,2.4,11.4,23.1
4.395,-0.249,-15345,17.3,2.4,11.42,23.1
4.496,-0.249,-15336,17.4,2.39,11.38,23.1
4.598,-0.249,-15522,17.7,2.39,11.34,23.1
4.699,-0.25,-15794,18.0,2.38,11.32,23.1
4.801,-0.249,-16041,18.2,2.38,11.32,23.1
4.902,-0.249,-16216,18.3,2.38,11.34,23.2
5.004,-0.25,-16282,18.3,2.39,11.34,23.2
5.105,-0.249,-16149,18.1,2.4,11.41,23.2
5.206,-0.249,-15856,17.7,2.41,11.43,23.2
5.308,-0.249,-15562,17.5,2.41,11.43,23.2
5.409,-0.249,-15323,17.3,2.4,11.42,23.2
5.511,-0.249,-15356,17.5,2.39,11.37,23.2
5.612,-0.25,-15586,17.8,2.38,11.31,23.2
5.714,-0.249,-15902,18.2,2.38,11.32,23.2
5.815,-0.25,-16181,18.4,2.38,11.31,23.2
5.917,-0.249,-16388,18.6,2.38,11.33,23.2
6.018,-0.249,-16477,18.6,2.38,11.34,23.3
6.12,-0.249,-16339,18.2,2.4,11.42,23.3
6.221,-0.249,-16079,18.0,2.4,11.4,23.3
6.323,-0.249,-15820,17.7,2.41,11.43,23.3
6.425,-0.25,-15597,17.5,2.4,11.42,23.3
6.526,-0.25,-15564,17.7,2.39,11.36,23.3
6.628,-0.249,-15711,17.9,2.39,11.35,23.3
6.729,-0.249,-15920,18.1,2.38,11.32,23.3
6.831,-0.25,-16108,18.3,2.39,11.33,23.3
6.932,-0.249,-16215,18.4,2.38,11.34,23.3
7.034,-0.249,-16247,18.3,2.39,11.35,23.3
7.135,-0.249,-16121,18.1,2.39,11.39,23.4
7.237,-0.249,-15887,17.8,2.4,11.42,23.4
7.34,-0.249,-15597,17.4,2.41,11.45,23.4
7.441,-0.249,-15325,17.3,2.4,11.42,23.4
7.543,-0.249,-15247,17.3,2.4,11.39,23.4
7.717,-0.249,-15530,17.7,2.39,11.34,23.4
7.818,-0.249,-15731,17.9,2.38,11.33,23.4
7.92,-0.249,-15866,18.0,2.39,11.35,23.4
8.021,-0.25,-16029,18.2,2.39,11.34,23.4
8.123,-0.249,-16099,18.1,2.39,11.36,23.4
8.224,-0.249,-15956,17.8,2.4,11.42,23.4
8.326,-0.249,-15711,17.7,2.4,11.39,23.4
8.427,-0.249,-15516,17.4,2.41,11.43,23.5
8.529,-0.25,-15385,17.4,2.4,11.4,23.5
8.63,-0.249,-15402,17.5,2.39,11.39,23.5
8.731,-0.249,-15573,17.8,2.38,11.32,23.5
8.833,-0.249,-15793,18.0,2.39,11.35,23.5
8.934,-0.249,-15919,18.0,2.39,11.35,23.5
9.036,-0.249,-15925,18.0,2.39,11.37,23.5
9.137,-0.249,-15903,18.0,2.39,11.36,23.5
9.239,-0.249,-15739,17.6,2.41,11.43,23.5
9.34,-0.249,-15436,17.3,2.41,11.44,23.5
0.021,0.0,0,24.1,0.06,0.31,22.7
0.122,0.0,0,24.1,0.0,0.0,22.7
0.224,0.0,0,24.1,0.0,0.0,22.7
0.325,0.0,0,24.1,0.0,0.0,22.7
0.426,0.0,0,24.1,0.0,0.0,22.7
0.532,-0.009,0,24.1,0.0,0.0,22.7
0.633,-0.03,-257,24.1,0.07,5.16,22.7
0.734,-0.045,-549,24.1,0.9,34.79,22.7
0.835,-0.07,-2444,24.1,1.35,35.07,22.7
0.937,-0.09,-4785,24.1,0.68,11.43,22.7
1.038,-0.109,-6733,24.1,0.91,11.9,22.7
1.14,-0.13,-8614,24.1,1.16,12.26,22.7
1.241,-0.149,-10475,24.1,1.42,12.67,22.7
1.343,-0.169,-12354,24.1,1.68,13.0,22.7
1.475,-0.189,-14776,24.0,2.03,13.57,22.8
1.577,-0.209,-16533,23.6,2.28,13.48,22.8
1.678,-0.23,-17799,22.3,2.39,12.89,22.8
1.78,-0.249,-18076,20.0,2.44,12.03,22.8
1.881,-0.249,-17544,19.2,2.4,11.44,22.8
1.983,-0.249,-16853,18.5,2.41,11.47,22.8
2.084,-0.25,-16280,18.1,2.41,11.43,22.8
2.186,-0.249,-16030,18.0,2.39,11.36,22.9
2.287,-0.249,-15951,18.0,2.39,11.38,22.9
2.389,-0.249,-15908,17.9,2.39,11.38,22.9
0.021,0.0,0,24.1,0.01,0.05,22.6
0.123,0.0,0,24.1,0.0,0.0,22.6
0.225,0.0,0,24.1,0.0,0.0,22.6
0.327,0.0,0,24.1,0.0,0.0,22.6
0.428,0.0,0,24.1,0.0,0.0,22.6
0.539,-0.009,0,24.1,0.0,0.0,22.6
0.64,-0.03,-286,24.1,0.05,3.44,22.6
0.742,-0.045,-552,24.1,0.87,33.39,22.6
0.843,-0.069,-2522,24.1,1.35,35.29,22.6
0.945,-0.089,-4795,24.1,0.7,11.63,22.6
1.046,-0.109,-6746,24.1,0.94,12.17,22.6
1.148,-0.13,-8599,24.1,1.2,12.7,22.7
1.249,-0.149,-10455,24.1,1.46,13.04,22.7
1.351,-0.169,-12316,24.0,1.76,13.57,22.7
1.452,-0.189,-14151,23.9,2.04,13.85,22.7
1.554,-0.209,-15864,23.5,2.33,14.18,22.7
1.655,-0.23,-16955,21.7,2.42,13.35,22.7
1.757,-0.249,-17107,19.3,2.45,12.35,22.7
1.858,-0.249,-16473,18.0,2.43,11.56,22.7
1.96,-0.249,-15692,17.3,2.42,11.52,22.7
2.061,-0.25,-15200,17.0,2.41,11.48,22.8
2.163,-0.25,-14948,16.9,2.41,11.45,22.8
2.264,-0.25,-14789,16.8,2.41,11.46,22.8
2.366,-0.249,-14662,16.6,2.41,11.48,22.8
2.467,-0.249,-14506,16.5,2.42,11.48,22.8
2.569,-0.249,-14317,16.2,2.42,11.5,22.8
2.67,-0.249,-14008,15.8,2.44,11.57,22.9
2.772,-0.249,-13614,15.4,2.44,11.59,22.9
2.873,-0.249,-13253,15.0,2.44,11.6,22.9
2.974,-0.249,-12918,14.8,2.45,11.62,22.9
3.076,-0.249,-12662,14.6,2.44,11.62,22.9
3.177,-0.249,-12581,14.6,2.44,11.59,22.9
3.279,-0.249,-12723,14.9,2.42,11.53,22.9
3.38,-0.25,-13007,15.2,2.42,11.51,22.9
3.482,-0.249,-13312,15.5,2.41,11.48,23.0
3.584,-0.25,-13580,15.8,2.42,11.47,23.0
3.685,-0.249,-13738,15.9,2.42,11.49,23.0
3.786,-0.249,-13830,15.9,2.42,11.49,23.0
3.888,-0.25,-13744,15.7,2.43,11.55,23.0
3.989,-0.249,-13492,15.4,2.43,11.57,23.0
4.091,-0.25,-13152,15.0,2.44,11.61,23.0
4.192,-0.249,-12814,14.7,2.45,11.62,23.0
4.294,-0.25,-12536,14.5,2.44,11.63,23.0
4.395,-0.249,-12440,14.5,2.44,11.61,23.0
4.497,-0.25,-12556,14.7,2.43,11.55,23.1
4.598,-0.25,-12835,15.1,2.42,11.51,23.1
4.7,-0.249,-13141,15.4,2.42,11.49,23.1
4.802,-0.249,-13416,15.6,2.42,11.49,23.1
4.904,-0.249,-13635,15.8,2.42,11.47,23.1
5.005,-0.25,-13771,15.8,2.42,11.5,23.1
5.106,-0.249,-13768,15.8,2.42,11.51,23.1
5.208,-0.249,-13584,15.5,2.44,11.57,23.1
5.31,-0.249,-13293,15.1,2.44,11.6,23.1
5.411,-0.25,-13009,14.8,2.44,11.61,23.2
5.513,-0.249,-12733,14.6,2.44,11.62,23.2
5.614,-0.249,-12596,14.6,2.44,11.59,23.2
5.716,-0.249,-12680,14.9,2.43,11.53,23.2
5.817,-0.249,-12921,15.2,2.42,11.52,23.2
5.919,-0.249,-13250,15.5,2.41,11.48,23.2
6.02,-0.25,-13568,15.8,2.41,11.47,23.2
6.122,-0.249,-13783,15.9,2.41,11.47,23.2
6.223,-0.249,-13955,16.1,2.41,11.46,23.2
6.325,-0.249,-14023,16.0,2.42,11.5,23.2
6.426,-0.249,-13841,15.7,2.43,11.55,23.2
6.528,-0.249,-13499,15.4,2.44,11.59,23.2
6.629,-0.249,-13142,15.0,2.44,11.62,23.2
6.732,-0.249,-12843,14.7,2.45,11.63,23.2
6.834,-0.249,-12654,14.6,2.44,11.59,23.3
6.936,-0.249,-12688,14.8,2.43,11.55,23.3
7.037,-0.249,-12923,15.1,2.42,11.5,23.3
7.139,-0.25,-13244,15.5,2.41,11.48,23.3
7.24,-0.249,-13555,15.8,2.41,11.48,23.3
7.342,-0.249,-13751,15.9,2.42,11.48,23.3
7.443,-0.25,-13883,16.0,2.41,11.47,23.3
7.545,-0.249,-13960,16.0,2.42,11.48,23.3
7.647,-0.249,-13867,15.8,2.43,11.53,23.3
7.748,-0.249,-13531,15.3,2.44,11.59,23.3
7.85,-0.249,-13178,15.1,2.44,11.59,23.3
7.951,-0.249,-12893,14.9,2.44,11.6,23.3
8.053,-0.25,-12733,14.8,2.44,11.6,23.3
8.154,-0.25,-12798,15.0,2.43,11.54,23.3
8.256,-0.249,-13063,15.3,2.42,11.5,23.4
8.357,-0.25,-13395,15.6,2.41,11.47,23.4
8.459,-0.249,-13640,15.8,2.41,11.47,23.4
8.56,-0.249,-13826,16.0,2.41,11.47,23.4
8.662,-0.249,-13962,16.1,2.41,11.46,23.4
8.763,-0.25,-14044,16.1,2.41,11.47,23.4
8.865,-0.249,-13955,15.9,2.43,11.53,23.4
8.966,-0.249,-13620,15.4,2.44,11.58,23.4
9.068,-0.25,-13263,15.1,2.44,11.6,23.4
9.169,-0.249,-12992,14.9,2.44,11.58,23.4
9.271,-0.249,-12868,15.0,2.44,11.58,23.4
9.373,-0.249,-12938,15.1,2.43,11.54,23.4
9.474,-0.249,-13176,15.4,2.42,11.49,23.4
9.576,-0.249,-13488,15.7,2.42,11.48,23.5
9.678,-0.249,-13712,15.9,2.41,11.47,23.4
9.779,-0.249,-13832,15.9,2.42,11.48,23.4
9.881,-0.249,-13910,16.0,2.42,11.47,23.5
9.982,-0.249,-13948,16.0,2.42,11.49,23.5
10.084,-0.249,-13832,15.7,2.43,11.54,23.5
10.185,-0.249,-13556,15.4,2.43,11.57,23.5
10.287,-0.249,-13270,15.1,2.44,11.59,23.5
10.389,-0.249,-12987,14.9,2.44,11.6,23.5
10.49,-0.249,-12793,14.8,2.44,11.58,23.5
10.592,-0.249,-12795,14.9,2.43,11.55,23.5
10.693,-0.25,-12925,15.1,2.43,11.54,23.5
10.795,-0.249,-13098,15.3,2.42,11.52,23.5
10.896,-0.249,-13241,15.4,2.43,11.52,23.5
10.998,-0.249,-13258,15.3,2.43,11.54,23.5
11.1,-0.25,-13156,15.1,2.44,11.58,23.5
11.201,-0.249,-12890,14.7,2.45,11.63,23.5
11.302,-0.25,-12334,13.9,2.46,11.72,23.5
11.404,-0.249,-11490,13.0,2.47,11.73,23.5
11.505,-0.249,-10679,12.2,2.47,11.75,23.5
11.607,-0.249,-9731,11.0,2.49,11.85,23.5
11.708,-0.249,-8822,10.3,2.48,11.81,23.5
11.81,-0.249,-8071,9.5,2.49,11.84,23.5
11.911,-0.249,-7769,9.6,2.45,11.69,23.5
12.013,-0.249,-7824,9.8,2.44,11.66,23.5
12.114,-0.249,-7926,9.8,2.46,11.7,23.5
12.216,-0.249,-7977,9.9,2.45,11.67,23.6
12.317,-0.249,-8059,10.0,2.46,11.69,23.6
12.419,-0.249,-8223,10.3,2.44,11.65,23.6
12.52,-0.25,-8419,10.4,2.45,11.68,23.6
12.622,-0.249,-8519,10.4,2.45,11.68,23.6
12.723,-0.249,-8366,10.2,2.46,11.73,23.6
12.825,-0.25,-8107,9.8,2.47,11.75,23.6
12.926,-0.249,-7968,9.7,2.46,11.71,23.6
13.028,-0.249,-7920,9.8,2.45,11.69,23.6
13.129,-0.249,-7805,9.6,2.47,11.75,23.6
13.231,-0.249,-7550,9.2,2.47,11.78,23.6
13.332,-0.249,-7027,8.3,2.49,11.87,23.6
13.434,-0.042,-5786,19.1,1.75,8.38,23.6
13.535,0.001,6,24.1,0.0,0.0,23.6
13.637,0.0,0,24.1,0.0,0.0,23.6
13.738,0.0,-4,24.1,0.0,0.0,23.6
13.839,0.0,0,24.1,0.0,0.0,23.6
13.941,-0.051,-61,24.0,0.29,6.68,23.6
14.044,-0.046,-257,24.1,2.33,60.07,23.6
14.145,-0.054,-953,24.1,2.36,59.95,23.6
14.247,-0.249,-5256,10.2,3.07,36.95,23.6
14.348,-0.25,-7811,10.6,2.44,11.64,23.6
14.449,-0.25,-8684,10.9,2.44,11.65,23.6
14.55,-0.25,-9165,11.4,2.43,11.6,23.7
14.651,-0.249,-9584,11.8,2.44,11.59,23.7
14.752,-0.249,-10052,12.4,2.42,11.54,23.7
14.853,-0.249,-10625,13.1,2.41,11.5,23.7
14.954,-0.249,-11239,13.7,2.41,11.49,23.7
15.055,-0.249,-11821,14.2,2.41,11.47,23.7
15.156,-0.249,-12281,14.6,2.42,11.5,23.7
15.258,-0.249,-12712,15.0,2.42,11.5,23.7
15.359,-0.249,-13095,15.4,2.42,11.5,23.8
15.46,-0.249,-13424,15.6,2.42,11.49,23.8
15.561,-0.249,-13560,15.6,2.42,11.5,23.8
15.662,-0.249,-13460,15.4,2.43,11.56,23.8
15.763,-0.249,-13233,15.2,2.44,11.59,23.8
15.865,-0.249,-12999,14.9,2.44,11.62,23.8
15.966,-0.249,-12806,14.7,2.44,11.61,23.8
16.067,-0.249,-12799,14.9,2.43,11.54,23.8
16.168,-0.249,-12998,15.2,2.42,11.5,23.8
16.269,-0.249,-13289,15.5,2.42,11.49,23.8
16.37,-0.249,-13545,15.7,2.42,11.49,23.8
16.471,-0.249,-13757,15.9,2.41,11.46,23.8
16.572,-0.25,-13929,16.1,2.41,11.46,23.8
16.673,-0.249,-14087,16.2,2.41,11.45,23.8
16.774,-0.249,-14116,16.1,2.42,11.49,23.8
16.875,-0.249,-13951,15.9,2.42,11.52,23.8
16.976,-0.249,-13718,15.7,2.43,11.54,23.8
17.078,-0.249,-13480,15.4,2.44,11.57,23.8
17.179,-0.249,-13250,15.2,2.43,11.57,23.8
17.28,-0.249,-13227,15.4,2.42,11.5,23.8
17.381,-0.249,-13365,15.5,2.42,11.5,23.8
17.482,-0.249,-13586,15.8,2.41,11.47,23.8
17.583,-0.249,-13843,16.1,2.41,11.45,23.8
17.684,-0.249,-14035,16.2,2.41,11.45,23.8
17.785,-0.249,-14207,16.4,2.41,11.43,23.8
17.886,-0.249,-14351,16.5,2.41,11.42,23.8
17.987,-0.25,-14310,16.3,2.42,11.49,23.8
18.088,-0.249,-14030,15.9,2.43,11.54,23.8
18.19,-0.249,-13691,15.5,2.43,11.56,23.8
18.291,-0.25,-13384,15.3,2.44,11.57,23.8
18.393,-0.249,-13194,15.2,2.43,11.55,23.8
18.494,-0.25,-13199,15.3,2.43,11.53,23.8
18.595,-0.249,-13335,15.5,2.42,11.49,23.8
18.696,-0.249,-13478,15.6,2.42,11.5,23.8
18.797,-0.25,-13646,15.8,2.41,11.46,23.8
18.898,-0.249,-13819,16.0,2.41,11.47,23.8
18.999,-0.249,-13949,16.1,2.41,11.45,23.8
19.101,-0.25,-14059,16.2,2.42,11.47,23.8
19.202,-0.25,-13997,15.9,2.42,11.51,23.9
19.304,-0.249,-13760,15.6,2.43,11.55,23.9
19.405,-0.249,-13484,15.4,2.44,11.57,23.9
19.507,-0.25,-13202,15.1,2.43,11.57,23.9
19.608,-0.249,-13075,15.2,2.43,11.55,23.9
19.71,-0.249,-13149,15.3,2.42,11.51,23.9
19.811,-0.249,-13378,15.6,2.41,11.47,23.9
19.913,-0.249,-13608,15.8,2.41,11.47,23.9
20.014,-0.25,-13790,16.0,2.41,11.46,23.9
20.116,-0.249,-13992,16.2,2.41,11.44,23.9
20.217,-0.249,-14198,16.4,2.41,11.43,23.9
20.622,-0.249,-14191,16.1,2.43,11.51,23.9
20.623,-0.249,-13912,15.8,2.43,11.54,23.9
20.623,-0.249,-13552,15.4,2.44,11.59,23.9
20.725,-0.249,-13183,15.0,2.44,11.61,23.9
20.827,-0.249,-13006,15.0,2.43,11.56,23.9
20.928,-0.249,-13053,15.2,2.42,11.51,23.9
21.03,-0.25,-13252,15.5,2.42,11.49,23.9
21.132,-0.249,-13489,15.7,2.42,11.49,23.9
21.233,-0.249,-13734,15.9,2.41,11.44,23.9
21.334,-0.249,-13896,16.0,2.42,11.47,23.9
21.436,-0.249,-14030,16.2,2.41,11.45,23.9
21.538,-0.249,-14074,16.1,2.42,11.48,23.9
21.64,-0.249,-13899,15.8,2.43,11.52,23.9
21.741,-0.25,-13609,15.5,2.43,11.57,23.9
21.843,-0.249,-13314,15.2,2.44,11.59,23.9
21.944,-0.249,-13071,15.0,2.44,11.59,23.9
22.046,-0.249,-12984,15.0,2.43,11.54,23.9
22.147,-0.249,-13083,15.3,2.42,11.52,23.9
22.249,-0.249,-13308,15.5,2.42,11.48,23.9
22.35,-0.249,-13580,15.8,2.41,11.45,23.9
22.452,-0.249,-13869,16.1,2.41,11.44,23.9
22.553,-0.249,-14071,16.3,2.41,11.44,23.9
22.655,-0.249,-14237,16.3,2.41,11.44,24.0
22.756,-0.249,-14290,16.4,2.41,11.45,24.0
22.858,-0.249,-14087,15.9,2.43,11.54,23.9
22.96,-0.249,-13688,15.5,2.44,11.58,24.0
23.061,-0.249,-13299,15.2,2.44,11.59,24.0
23.163,-0.249,-13010,14.9,2.44,11.6,24.0
23.264,-0.249,-12878,15.0,2.43,11.56,24.0
23.366,-0.249,-12957,15.1,2.42,11.52,24.0
23.467,-0.249,-13225,15.5,2.41,11.47,24.0
23.569,-0.249,-13511,15.7,2.41,11.48,24.0
23.67,-0.249,-13738,15.9,2.41,11.46,24.0
23.772,-0.249,-13903,16.0,2.42,11.47,24.0
23.873,-0.25,-14024,16.1,2.41,11.45,24.0
23.975,-0.249,-14054,16.1,2.41,11.47,24.0
24.076,-0.25,-13902,15.8,2.43,11.53,24.0
24.178,-0.249,-13597,15.5,2.44,11.57,24.0
24.279,-0.249,-13268,15.1,2.44,11.59,24.0
24.381,-0.249,-12998,15.0,2.44,11.58,24.0
24.482,-0.249,-12830,14.9,2.43,11.58,24.0
24.584,-0.249,-12857,15.0,2.43,11.54,24.0
24.685,-0.249,-13096,15.3,2.42,11.49,24.0
24.787,-0.249,-13370,15.6,2.42,11.48,24.0
24.889,-0.25,-13623,15.8,2.41,11.46,24.0
24.99,-0.249,-13851,16.0,2.41,11.45,24.0
25.092,-0.249,-14014,16.1,2.41,11.45,24.0
25.193,-0.25,-14072,16.1,2.42,11.47,24.0
25.294,-0.249,-13931,15.8,2.43,11.54,24.0
25.396,-0.249,-13641,15.5,2.43,11.57,24.0
25.498,-0.249,-13289,15.1,2.44,11.59,24.0
25.599,-0.249,-12961,14.9,2.44,11.6,24.0
25.701,-0.25,-12799,14.8,2.43,11.58,24.0
25.802,-0.25,-12827,15.0,2.43,11.55,24.0
25.904,-0.25,-12991,15.2,2.42,11.52,24.0
26.005,-0.249,-13201,15.4,2.42,11.49,24.0
26.107,-0.25,-13407,15.6,2.42,11.5,24.0
26.208,-0.249,-13545,15.7,2.42,11.49,24.0
26.31,-0.249,-13738,15.9,2.42,11.47,24.0
26.411,-0.249,-13883,16.0,2.41,11.47,24.0
26.513,-0.249,-13790,15.8,2.43,11.53,24.0
26.614,-0.249,-13518,15.4,2.44,11.59,24.0
26.716,-0.249,-13225,15.1,2.44,11.59,24.0
26.818,-0.249,-12991,14.9,2.43,11.58,24.0
26.919,-0.249,-12898,15.0,2.43,11.55,24.0
27.021,-0.25,-12946,15.1,2.43,11.53,24.0
27.122,-0.249,-13089,15.3,2.42,11.51,24.0
27.224,-0.249,-13267,15.4,2.42,11.5,24.0
27.325,-0.249,-13457,15.6,2.42,11.49,24.1
27.427,-0.249,-13590,15.7,2.42,11.49,24.1
27.528,-0.25,-13720,15.9,2.42,11.47,24.1
27.63,-0.249,-13851,15.9,2.42,11.47,24.1
27.731,-0.249,-13785,15.7,2.42,11.53,24.1
27.833,-0.25,-13487,15.4,2.44,11.57,24.1
27.934,-0.249,-13164,15.1,2.44,11.61,24.1
28.036,-0.249,-12866,14.8,2.44,11.61,24.1
28.137,-0.249,-12723,14.7,2.44,11.59,24.1
28.239,-0.249,-12740,14.9,2.43,11.54,24.1
28.34,-0.249,-12956,15.2,2.42,11.5,24.1
28.442,-0.249,-13216,15.4,2.42,11.5,24.1
28.543,-0.249,-13426,15.6,2.42,11.49,24.1
28.645,-0.249,-13694,15.9,2.41,11.45,24.1
28.747,-0.249,-13921,16.1,2.41,11.44,24.1
29.05,-0.249,-13973,15.9,2.43,11.52,24.1
29.051,-0.25,-13679,15.5,2.44,11.56,24.1
29.152,-0.249,-13351,15.3,2.43,11.57,24.1
29.254,-0.249,-13101,15.1,2.44,11.58,24.1
29.355,-0.249,-12974,15.0,2.43,11.58,24.1
29.457,-0.249,-13001,15.1,2.43,11.53,24.1
29.558,-0.25,-13163,15.3,2.42,11.49,24.1
29.661,-0.249,-13380,15.6,2.42,11.48,24.1
29.762,-0.25,-13591,15.8,2.41,11.47,24.1
29.864,-0.249,-13789,16.0,2.41,11.46,24.1
29.965,-0.249,-14025,16.2,2.4,11.43,24.1
30.067,-0.25,-14204,16.3,2.41,11.45,24.1
30.168,-0.249,-14141,16.1,2.42,11.51,24.1
30.27,-0.25,-13863,15.8,2.43,11.55,24.1
30.371,-0.249,-13541,15.5,2.44,11.57,24.1
30.473,-0.249,-13241,15.1,2.44,11.59,24.1
30.574,-0.25,-13039,15.0,2.43,11.56,24.1
30.676,-0.25,-13075,15.2,2.42,11.51,24.1
30.777,-0.249,-13221,15.4,2.42,11.5,24.1
30.879,-0.249,-13376,15.5,2.42,11.5,24.1
30.981,-0.249,-13532,15.7,2.42,11.48,24.1
31.082,-0.25,-13658,15.8,2.41,11.48,24.1
31.184,-0.25,-13818,16.0,2.41,11.46,24.1
31.285,-0.249,-13887,15.9,2.42,11.49,24.1
31.387,-0.249,-13721,15.6,2.43,11.55,24.1
31.488,-0.249,-13405,15.3,2.43,11.57,24.1
31.59,-0.249,-13119,15.1,2.44,11.59,24.1
31.691,-0.25,-12836,14.8,2.45,11.61,24.1
31.793,-0.249,-12629,14.7,2.44,11.61,24.1
31.894,-0.249,-12648,14.8,2.43,11.54,24.2
31.996,-0.249,-12822,15.0,2.42,11.52,24.1
32.097,-0.249,-13078,15.3,2.42,11.49,24.2
32.199,-0.249,-13389,15.7,2.41,11.46,24.1
32.3,-0.249,-13662,15.9,2.41,11.47,24.1
32.402,-0.249,-13829,16.0,2.41,11.46,24.1
32.503,-0.25,-13962,16.1,2.41,11.46,24.2
32.605,-0.249,-13908,15.8,2.43,11.54,24.2
32.706,-0.249,-13589,15.4,2.44,11.58,24.2
32.808,-0.249,-13206,15.0,2.44,11.6,24.2
32.91,-0.249,-12849,14.7,2.44,11.61,24.2
33.011,-0.249,-12638,14.7,2.44,11.6,24.2
33.113,-0.249,-12685,14.9,2.43,11.53,24.2
33.214,-0.25,-12928,15.2,2.42,11.51,24.2
33.316,-0.249,-13216,15.5,2.42,11.47,24.2
33.417,-0.25,-13422,15.6,2.42,11.5,24.2
33.519,-0.25,-13552,15.7,2.42,11.5,24.2
33.62,-0.249,-13488,15.5,2.43,11.54,24.2
33.722,-0.249,-13315,15.3,2.43,11.56,24.2
33.823,-0.249,-13137,15.0,2.44,11.58,24.2
33.925,-0.249,-12837,14.7,2.45,11.62,24.2
34.027,-0.249,-12518,14.4,2.45,11.65,24.2
34.128,-0.249,-12161,14.0,2.44,11.63,24.2
34.23,-0.249,-11832,13.7,2.44,11.62,24.2
34.331,-0.249,-11676,13.7,2.43,11.56,24.2
34.433,-0.25,-11750,13.9,2.43,11.54,24.2
34.534,-0.25,-11998,14.2,2.42,11.5,24.2
34.636,-0.25,-12279,14.5,2.43,11.54,24.2
34.737,-0.25,-12505,14.7,2.43,11.55,24.2
34.839,-0.249,-12575,14.7,2.44,11.59,24.2
34.94,-0.249,-12559,14.6,2.44,11.59,24.2
35.042,-0.249,-12416,14.4,2.45,11.64,24.2
35.143,-0.249,-12024,13.7,2.45,11.66,24.2
35.245,-0.249,-11326,12.9,2.46,11.73,24.2
35.347,-0.249,-10480,12.0,2.47,11.74,24.2
35.448,-0.249,-9725,11.1,2.48,11.8,24.2
35.55,-0.25,-9032,10.6,2.47,11.74,24.2
35.651,-0.249,-8550,10.1,2.47,11.78,24.2
35.753,-0.249,-8205,10.0,2.46,11.71,24.2
35.854,-0.25,-8200,10.2,2.45,11.67,24.2
35.956,-0.249,-8351,10.4,2.45,11.66,24.2
36.057,-0.249,-8601,10.8,2.43,11.6,24.2
36.158,-0.249,-8885,11.0,2.44,11.63,24.2
36.26,-0.249,-9108,11.2,2.44,11.64,24.2
36.362,-0.249,-9253,11.3,2.44,11.62,24.2
36.463,-0.249,-9358,11.4,2.45,11.65,24.2
36.565,-0.249,-9379,11.3,2.45,11.65,24.2
36.666,-0.249,-9398,11.4,2.44,11.64,24.2
36.768,-0.249,-9400,11.4,2.44,11.64,24.2
36.869,-0.25,-9475,11.4,2.45,11.66,24.2
36.971,-0.249,-9448,11.4,2.44,11.65,24.2
37.072,-0.249,-9239,11.0,2.46,11.73,24.2
37.174,-0.25,-9043,10.9,2.45,11.69,24.2
37.275,-0.249,-8910,10.7,2.46,11.71,24.2
37.377,-0.249,-8904,10.9,2.44,11.63,24.2
37.478,-0.249,-9103,11.1,2.44,11.63,24.2
37.58,-0.249,-9475,11.8,2.42,11.53,24.2
37.681,-0.249,-9953,12.2,2.43,11.55,24.2
37.783,-0.249,-10514,12.9,2.42,11.5,24.2
37.884,-0.249,-11102,13.5,2.41,11.48,24.2
37.986,-0.249,-11653,14.0,2.41,11.48,24.2
38.088,-0.249,-12136,14.5,2.41,11.48,24.2
38.189,-0.249,-12533,14.8,2.42,11.52,24.2
38.291,-0.249,-12852,15.1,2.42,11.51,24.2
38.392,-0.249,-13103,15.3,2.42,11.49,24.3
38.494,-0.249,-13164,15.2,2.43,11.55,24.3
38.595,-0.249,-12982,14.9,2.44,11.6,24.3
38.697,-0.25,-12663,14.6,2.45,11.65,24.3
38.798,-0.249,-12321,14.2,2.45,11.64,24.3
38.9,-0.249,-12033,14.0,2.43,11.58,24.3
39.001,-0.25,-11931,14.0,2.43,11.54,24.3
39.103,-0.25,-12029,14.2,2.42,11.52,24.3
39.204,-0.25,-12315,14.6,2.42,11.51,24.3
39.306,-0.249,-12680,15.0,2.42,11.5,24.3
39.407,-0.249,-12998,15.3,2.42,11.51,24.3
39.509,-0.249,-13198,15.4,2.42,11.51,24.3
39.61,-0.249,-13331,15.5,2.42,11.51,24.3
39.712,-0.249,-13411,15.5,2.42,11.52,24.3
39.813,-0.249,-13283,15.2,2.44,11.58,24.3
39.915,-0.249,-12908,14.7,2.45,11.64,24.3
40.017,-0.249,-12429,14.2,2.45,11.66,24.3
40.118,-0.249,-11950,13.7,2.44,11.63,24.3
40.22,-0.249,-11588,13.4,2.44,11.62,24.3
40.322,-0.249,-11428,13.4,2.44,11.6,24.3
40.424,-0.249,-11513,13.6,2.42,11.52,24.3
40.527,-0.249,-11758,14.0,2.42,11.51,24.3
40.628,-0.249,-12045,14.3,2.42,11.5,24.3
40.73,-0.249,-12332,14.6,2.43,11.53,24.3
40.831,-0.249,-12591,14.9,2.43,11.54,24.3
40.933,-0.25,-12876,15.1,2.42,11.51,24.3
41.034,-0.249,-13082,15.3,2.42,11.52,24.3
41.136,-0.25,-13083,15.1,2.43,11.57,24.3
41.237,-0.249,-12866,14.7,2.45,11.63,24.3
41.339,-0.249,-12572,14.4,2.45,11.64,24.3
41.44,-0.249,-12214,14.0,2.45,11.64,24.3
41.542,-0.249,-11906,13.8,2.44,11.6,24.3
41.644,-0.249,-11852,13.9,2.42,11.52,24.3
41.745,-0.25,-12012,14.2,2.42,11.5,24.3
41.847,-0.24,-12318,15.3,2.39,11.56,24.3
41.948,-0.22,-12895,17.8,2.33,12.22,24.3
42.05,-0.199,-13915,21.4,2.27,13.03,24.3
42.151,-0.18,-15024,24.1,1.93,12.38,24.3
42.253,-0.16,-14284,24.1,1.29,9.29,24.4
42.354,-0.14,-12630,24.1,1.09,9.08,24.4
42.456,-0.119,-10713,24.1,0.94,9.11,24.4
42.557,-0.099,-8810,24.1,0.77,8.94,24.4
42.659,-0.079,-6921,24.1,0.6,8.77,24.4
42.76,-0.06,-5095,24.1,0.4,7.69,24.4
42.862,-0.039,-3294,24.1,0.29,9.05,24.4
42.963,-0.019,-1103,24.1,0.1,5.6,24.4
0.021,0.0,0,24.1,0.0,0.0,22.8
0.129,0.0,0,24.1,0.0,0.0,22.8
0.231,0.0,0,24.1,0.0,0.0,22.8
0.333,0.0,0,24.1,0.0,0.0,22.8
0.435,0.0,0,24.1,0.0,0.0,22.8
0.538,-0.009,0,24.1,0.0,0.0,22.8
0.64,-0.03,-252,24.1,0.07,4.89,22.9
0.742,-0.046,-548,24.1,0.89,34.16,22.9
0.844,-0.07,-2415,24.1,1.39,35.86,22.9
0.945,-0.09,-4748,24.1,0.74,12.41,22.9
1.047,-0.109,-6678,24.1,1.01,13.04,22.9
1.149,-0.13,-8561,24.1,1.26,13.32,22.9
1.25,-0.149,-10412,24.1,1.52,13.57,22.9
1.352,-0.169,-12287,24.1,1.78,13.73,22.9
1.454,-0.189,-14171,24.1,2.08,14.13,23.0
1.555,-0.209,-16066,24.1,2.36,14.32,23.0
1.657,-0.23,-17947,24.0,2.66,14.63,23.0
1.759,-0.249,-19821,24.0,2.97,15.01,23.0
1.86,-0.25,-21252,24.1,2.95,14.29,23.0
1.962,-0.249,-21575,24.1,2.84,13.74,23.0
2.064,-0.249,-21654,24.1,2.84,13.69,23.1
2.165,-0.25,-21710,24.1,2.77,13.43,23.1
2.267,-0.249,-21735,24.1,2.69,13.06,23.1
2.369,-0.25,-21732,24.1,2.71,13.17,23.1
2.471,-0.249,-21735,24.1,2.73,13.25,23.1
2.572,-0.249,-21735,24.1,2.71,13.15,23.1
2.674,-0.249,-21683,24.1,2.84,13.73,23.1
2.776,-0.25,-21664,24.1,2.85,13.77,23.2
2.877,-0.249,-21689,24.1,2.81,13.61,23.2
2.979,-0.249,-21729,24.1,2.71,13.14,23.2
3.081,-0.249,-21750,24.1,2.69,13.13,23.2
3.182,-0.249,-21754,24.1,2.68,13.02,23.2
3.284,-0.249,-21754,24.1,2.67,12.95,23.2
3.386,-0.249,-21705,24.1,2.78,13.47,23.3
3.488,-0.249,-21685,24.1,2.84,13.75,23.3
3.589,-0.249,-21686,24.1,2.81,13.6,23.3
3.691,-0.249,-21737,24.1,2.71,13.17,23.3
3.793,-0.249,-21761,24.1,2.67,13.03,23.3
3.894,-0.249,-21756,24.1,2.69,13.04,23.4
3.996,-0.249,-21763,24.1,2.67,12.99,23.4
4.098,-0.249,-21749,24.1,2.69,13.05,23.4
4.199,-0.249,-21721,24.1,2.77,13.4,23.4
4.301,-0.249,-21698,24.1,2.79,13.54,23.4
4.403,-0.249,-21720,24.1,2.76,13.38,23.4
4.504,-0.249,-21749,24.1,2.69,13.1,23.5
4.606,-0.249,-21753,24.1,2.7,13.15,23.5
4.708,-0.249,-21766,24.1,2.66,12.95,23.5
4.809,-0.249,-21763,24.1,2.67,12.94,23.5
4.911,-0.249,-21734,24.1,2.74,13.28,23.5
5.013,-0.249,-21704,24.1,2.79,13.52,23.6
5.114,-0.249,-21699,24.1,2.79,13.49,23.6
5.216,-0.249,-21750,24.1,2.69,13.1,23.6
5.318,-0.249,-21755,24.1,2.69,13.04,23.6
5.419,-0.249,-21762,24.1,2.67,12.98,23.6
5.521,-0.249,-21769,24.1,2.65,12.91,23.6
5.623,-0.249,-21745,24.1,2.7,13.08,23.7
5.725,-0.249,-21713,24.1,2.77,13.44,23.7
5.826,-0.249,-21699,24.1,2.79,13.5,23.7
5.928,-0.249,-21720,24.1,2.75,13.3,23.7
6.03,-0.249,-21751,24.1,2.68,13.03,23.7
6.132,-0.249,-21766,24.1,2.67,13.02,23.7
6.234,-0.25,-21777,24.1,2.65,12.88,23.7
6.335,-0.249,-21773,24.1,2.65,12.87,23.7
6.437,-0.249,-21723,24.1,2.75,13.31,23.8
6.538,-0.249,-21704,24.1,2.79,13.45,23.8
6.64,-0.249,-21708,24.1,2.77,13.41,23.8
6.741,-0.249,-21744,24.1,2.69,13.07,23.8
6.843,-0.249,-21757,24.1,2.69,13.09,23.8
6.945,-0.249,-21773,24.1,2.65,12.88,23.8
7.047,-0.249,-21773,24.1,2.65,12.9,23.8
7.148,-0.25,-21750,24.1,2.68,13.02,23.8
7.25,-0.25,-21711,24.1,2.78,13.45,23.9
7.352,-0.249,-21713,24.1,2.77,13.41,23.9
7.453,-0.249,-21737,24.1,2.71,13.13,23.9
7.555,-0.249,-21743,24.1,2.7,13.09,23.9
7.657,-0.249,-21772,24.1,2.65,12.89,23.9
7.758,-0.25,-21781,24.1,2.64,12.81,23.9
7.86,-0.249,-21766,24.1,2.67,12.98,23.9
7.961,-0.249,-21718,24.1,2.75,13.34,24.0
8.063,-0.249,-21691,24.1,2.82,13.6,24.0
8.165,-0.249,-21710,24.1,2.77,13.4,24.0
8.266,-0.249,-21737,24.1,2.69,13.03,24.0
8.368,-0.249,-21751,24.1,2.69,13.07,24.0
8.47,-0.249,-21776,24.1,2.64,12.87,24.0
8.571,-0.249,-21783,24.1,2.64,12.89,24.0
8.673,-0.249,-21740,24.1,2.71,13.15,24.0
8.774,-0.25,-21701,24.1,2.79,13.49,24.0
8.876,-0.25,-21704,24.1,2.78,13.43,24.1
8.977,-0.249,-21729,24.1,2.73,13.24,24.1
9.079,-0.249,-21729,24.1,2.73,13.2,24.1
9.18,-0.249,-21774,24.1,2.64,12.85,24.1
9.282,-0.249,-21775,24.1,2.65,12.87,24.1
9.383,-0.249,-21765,24.1,2.65,12.9,24.1
9.485,-0.249,-21714,24.1,2.77,13.38,24.1
9.586,-0.249,-21698,24.1,2.8,13.53,24.1
9.688,-0.249,-21709,24.1,2.77,13.41,24.1
9.79,-0.25,-21749,24.1,2.68,12.99,24.2
9.891,-0.249,-21763,24.1,2.66,12.94,24.2
9.993,-0.249,-21776,24.1,2.63,12.81,24.2
10.094,-0.249,-21770,24.1,2.66,12.96,24.2
10.196,-0.249,-21730,24.1,2.73,13.2,24.2
10.297,-0.249,-21696,24.1,2.8,13.51,24.2
10.399,-0.249,-21699,24.1,2.79,13.5,24.3
10.5,-0.249,-21730,24.1,2.71,13.13,24.3
10.602,-0.249,-21753,24.1,2.68,13.02,24.3
10.703,-0.249,-21780,24.1,2.64,12.85,24.3
10.805,-0.249,-21779,24.1,2.64,12.84,24.3
10.907,-0.249,-21755,24.1,2.68,12.98,24.3
11.008,-0.249,-21704,24.0,2.78,13.45,24.3
11.11,-0.249,-21516,23.7,2.74,13.17,24.3
11.211,-0.249,-21133,23.1,2.59,12.51,24.3
11.313,-0.249,-20610,22.5,2.49,12.03,24.3
11.414,-0.249,-20176,22.2,2.49,12.03,24.3
11.516,-0.249,-19919,22.0,2.49,11.92,24.4
11.617,-0.249,-19686,21.7,2.5,11.96,24.3
11.719,-0.25,-19392,21.3,2.5,11.98,24.4
11.82,-0.249,-18800,20.5,2.52,12.0,24.4
11.922,-0.249,-18124,19.9,2.53,12.03,24.4
12.023,-0.249,-17625,19.5,2.53,12.01,24.4
12.124,-0.25,-17359,19.4,2.52,11.98,24.4
12.226,-0.249,-17301,19.5,2.51,11.95,24.4
12.328,-0.249,-17392,19.6,2.51,11.94,24.4
12.429,-0.249,-17529,19.7,2.51,11.93,24.4
12.53,-0.25,-17616,19.8,2.51,11.94,24.4
12.632,-0.249,-17652,19.8,2.51,11.97,24.4
12.733,-0.249,-17406,19.4,2.53,12.02,24.4
12.835,-0.249,-16955,18.8,2.54,12.06,24.4
12.936,-0.25,-16564,18.5,2.54,12.07,24.4
13.038,-0.249,-16426,18.8,2.61,12.35,24.5
13.139,-0.249,-17175,20.5,2.88,13.63,24.5
13.241,-0.25,-19149,23.6,3.29,15.62,24.5
13.342,-0.249,-21138,24.1,2.84,13.76,24.5
13.444,-0.249,-21631,24.1,2.66,12.95,24.5
13.546,-0.249,-21705,24.1,2.71,13.13,24.5
13.647,-0.249,-21679,24.1,2.82,13.61,24.5
13.749,-0.249,-21684,24.1,2.82,13.62,24.5
13.85,-0.249,-21718,24.1,2.75,13.28,24.5
13.952,-0.249,-21740,24.1,2.69,13.05,24.5
14.053,-0.249,-21767,24.1,2.67,12.94,24.5
14.155,-0.249,-21769,24.1,2.66,12.91,24.5
14.256,-0.249,-21736,24.1,2.71,13.19,24.5
14.358,-0.249,-21703,24.1,2.78,13.41,24.5
14.459,-0.249,-21672,24.1,2.85,13.76,24.5
14.561,-0.25,-21690,24.1,2.79,13.51,24.5
14.662,-0.249,-21746,24.1,2.69,13.04,24.5
14.764,-0.249,-21789,24.1,2.62,12.73,24.6
14.865,-0.249,-21799,24.1,2.59,12.59,24.6
14.967,-0.25,-21788,24.1,2.62,12.74,24.6
15.068,-0.249,-21734,24.1,2.72,13.13,24.6
15.17,-0.249,-21697,24.1,2.81,13.56,24.6
15.271,-0.249,-21680,24.1,2.83,13.65,24.6
15.373,-0.249,-21734,24.1,2.71,13.12,24.6
15.474,-0.249,-21774,24.1,2.64,12.84,24.6
15.576,-0.249,-21786,24.1,2.63,12.81,24.6
15.677,-0.249,-21795,24.1,2.62,12.78,24.6
15.779,-0.249,-21779,24.1,2.63,12.75,24.6
15.881,-0.249,-21712,24.1,2.78,13.39,24.6
15.982,-0.25,-21692,24.1,2.81,13.55,24.7
16.083,-0.249,-21703,24.1,2.78,13.4,24.7
16.186,-0.249,-21759,24.1,2.65,12.88,24.7
16.289,-0.249,-21788,24.1,2.63,12.8,24.7
16.39,-0.249,-21786,24.1,2.62,12.77,24.7
16.492,-0.249,-21780,24.1,2.64,12.81,24.7
16.593,-0.249,-21742,24.1,2.71,13.13,24.7
16.695,-0.249,-21696,24.1,2.8,13.52,24.7
16.796,-0.249,-21699,24.1,2.78,13.45,24.7
16.898,-0.249,-21738,24.1,2.7,13.1,24.7
16.999,-0.249,-21775,24.1,2.65,12.86,24.7
17.101,-0.249,-21791,24.1,2.62,12.72,24.7
17.202,-0.249,-21787,24.1,2.63,12.79,24.7
17.304,-0.249,-21752,24.1,2.68,12.98,24.8
17.406,-0.249,-21708,24.1,2.78,13.41,24.8
17.507,-0.249,-21688,24.1,2.81,13.56,24.7
17.608,-0.249,-21709,24.1,2.77,13.4,24.8
17.71,-0.249,-21752,24.1,2.68,12.99,24.8
17.811,-0.249,-21775,24.1,2.64,12.83,24.8
17.913,-0.249,-21784,24.1,2.63,12.78,24.8
18.014,-0.249,-21760,24.1,2.67,12.94,24.8
18.116,-0.25,-21721,24.1,2.75,13.26,24.8
18.218,-0.249,-21692,24.1,2.83,13.64,24.8
18.319,-0.249,-21699,24.1,2.77,13.38,24.8
18.421,-0.249,-21730,24.1,2.71,13.1,24.8
18.522,-0.249,-21751,24.1,2.69,13.06,24.8
18.624,-0.249,-21735,24.1,2.7,13.07,24.8
18.725,-0.249,-21735,24.1,2.72,13.2,24.8
18.827,-0.249,-21736,24.1,2.69,13.02,24.8
18.929,-0.249,-21697,24.1,2.8,13.53,24.8
19.03,-0.249,-21677,24.1,2.84,13.68,24.8
19.132,-0.249,-21712,24.1,2.76,13.3,24.9
19.233,-0.25,-21762,24.1,2.65,12.88,24.9
19.335,-0.249,-21780,24.1,2.64,12.8,24.9
19.436,-0.249,-21772,24.1,2.65,12.83,24.9
19.538,-0.25,-21759,24.1,2.67,12.94,24.9
19.639,-0.249,-21707,24.1,2.77,13.38,24.9
19.74,-0.249,-21687,24.1,2.82,13.62,24.9
19.842,-0.249,-21689,24.1,2.8,13.52,24.9
19.943,-0.25,-21735,24.1,2.7,13.08,24.9
20.045,-0.249,-21757,24.1,2.68,13.01,24.9
20.147,-0.249,-21765,24.1,2.66,12.91,24.9
20.248,-0.25,-21744,24.1,2.7,13.07,24.9
20.35,-0.249,-21702,24.1,2.78,13.41,24.9
20.451,-0.249,-21649,24.1,2.9,13.93,24.9
20.553,-0.249,-21660,24.1,2.85,13.77,24.9
20.654,-0.249,-21704,24.1,2.78,13.41,25.0
20.756,-0.249,-21746,24.1,2.69,13.07,25.0
20.857,-0.25,-21762,24.1,2.67,12.93,25.0
20.959,-0.249,-21764,24.1,2.66,12.9,25.0
21.06,-0.249,-21755,24.1,2.68,13.02,25.0
21.162,-0.249,-21690,24.1,2.82,13.56,25.0
21.263,-0.249,-21674,24.1,2.83,13.62,25.0
21.365,-0.249,-21716,24.1,2.75,13.34,25.0
21.466,-0.249,-21747,24.1,2.7,13.06,25.0
21.568,-0.249,-21763,24.1,2.66,12.93,25.0
21.669,-0.249,-21770,24.1,2.65,12.85,25.0
21.771,-0.249,-21760,24.1,2.68,12.97,25.0
21.872,-0.249,-21731,24.1,2.72,13.17,25.0
21.974,-0.25,-21668,24.1,2.87,13.87,25.0
22.076,-0.25,-21688,24.1,2.81,13.54,25.1
22.178,-0.249,-21735,24.1,2.71,13.12,25.1
22.279,-0.249,-21751,24.1,2.68,13.0,25.1
22.381,-0.249,-21762,24.1,2.66,12.92,25.1
22.482,-0.25,-21758,24.1,2.67,12.96,25.1
22.584,-0.249,-21733,24.1,2.72,13.12,25.1
22.685,-0.249,-21687,24.1,2.81,13.54,25.1
22.787,-0.249,-21683,24.1,2.81,13.59,25.1
22.888,-0.25,-21704,24.1,2.77,13.37,25.1
22.99,-0.249,-21732,24.1,2.71,13.09,25.1
23.091,-0.249,-21752,24.1,2.7,13.06,25.1
23.193,-0.249,-21766,24.1,2.65,12.87,25.1
23.294,-0.249,-21754,24.1,2.67,12.95,25.1
23.396,-0.249,-21706,24.1,2.77,13.4,25.1
23.498,-0.249,-21685,24.1,2.83,13.64,25.2
23.599,-0.249,-21689,24.1,2.8,13.52,25.1
23.701,-0.249,-21730,24.1,2.73,13.2,25.1
23.802,-0.249,-21744,24.1,2.69,13.04,25.1
23.904,-0.249,-21750,24.1,2.69,13.05,25.2
24.005,-0.249,-21759,24.1,2.67,12.96,25.2
24.107,-0.249,-21747,24.1,2.7,13.05,25.2
24.208,-0.25,-21675,24.1,2.85,13.69,25.2
24.31,-0.249,-21680,24.1,2.81,13.58,25.2
24.412,-0.249,-21709,24.1,2.76,13.31,25.2
24.513,-0.249,-21750,24.1,2.68,12.98,25.2
24.614,-0.249,-21771,24.1,2.66,12.9,25.2
24.716,-0.249,-21775,24.1,2.64,12.8,25.2
24.818,-0.249,-21753,24.1,2.68,12.98,25.2
24.919,-0.249,-21710,24.1,2.77,13.35,25.2
25.021,-0.249,-21677,24.1,2.85,13.72,25.2
25.122,-0.249,-21707,24.1,2.76,13.36,25.2
25.224,-0.249,-21735,24.1,2.71,13.12,25.2
25.325,-0.249,-21777,24.1,2.64,12.83,25.2
25.426,-0.249,-21791,24.1,2.62,12.72,25.3
25.528,-0.249,-21761,24.1,2.67,12.99,25.3
25.629,-0.249,-21740,24.1,2.7,13.06,25.2
25.731,-0.249,-21698,24.1,2.81,13.55,25.3
25.833,-0.249,-21716,24.1,2.75,13.32,25.3
25.934,-0.249,-21740,24.1,2.7,13.09,25.3
26.036,-0.25,-21757,24.1,2.67,12.96,25.3
26.137,-0.249,-21795,24.1,2.61,12.68,25.3
26.239,-0.249,-21819,24.1,2.56,12.44,25.3
26.34,-0.249,-21787,24.1,2.63,12.74,25.3
26.442,-0.25,-21726,24.1,2.74,13.24,25.3
26.544,-0.25,-21715,24.1,2.77,13.39,25.3
26.646,-0.249,-21730,24.1,2.71,13.12,25.3
26.748,-0.249,-21771,24.1,2.64,12.83,25.3
26.85,-0.25,-21797,24.1,2.59,12.61,25.3
26.951,-0.25,-21811,24.1,2.58,12.51,25.3
27.052,-0.249,-21809,24.1,2.58,12.5,25.3
27.154,-0.249,-21773,24.1,2.66,12.87,25.3
27.255,-0.249,-21714,24.1,2.77,13.37,25.3
27.357,-0.249,-21729,24.1,2.74,13.22,25.3
27.459,-0.249,-21756,24.1,2.67,12.94,25.3
27.56,-0.249,-21793,24.1,2.62,12.73,25.3
27.662,-0.249,-21823,24.1,2.57,12.51,25.3
27.763,-0.249,-21824,24.1,2.56,12.48,25.3
27.865,-0.249,-21800,24.1,2.61,12.67,25.3
27.966,-0.249,-21739,24.1,2.71,13.13,25.4
28.068,-0.249,-21723,24.1,2.77,13.37,25.4
28.169,-0.249,-21736,24.1,2.7,12.88,25.4
28.271,-0.249,-21784,24.1,2.63,12.76,25.4
28.372,-0.249,-21813,24.1,2.56,12.46,25.4
28.474,-0.249,-21824,24.1,2.55,12.39,25.4
28.575,-0.25,-21804,24.1,2.59,12.6,25.4
28.677,-0.249,-21771,24.1,2.66,12.89,25.4
28.778,-0.249,-21724,24.1,2.77,13.37,25.4
28.88,-0.25,-21725,24.1,2.73,13.21,25.4
28.981,-0.249,-21753,24.1,2.69,13.0,25.4
29.083,-0.249,-21791,24.1,2.62,12.71,25.4
29.184,-0.25,-21821,24.1,2.57,12.48,25.4
29.286,-0.249,-21838,24.1,2.54,12.39,25.4
29.387,-0.249,-21793,24.1,2.62,12.72,25.4
29.489,-0.249,-21723,24.1,2.76,13.32,25.4
29.59,-0.249,-21726,24.1,2.75,13.26,25.4
29.692,-0.249,-21747,24.1,2.7,13.08,25.4
29.793,-0.249,-21799,24.1,2.6,12.65,25.4
29.895,-0.249,-21818,24.1,2.56,12.44,25.4
29.996,-0.249,-21826,24.1,2.55,12.4,25.4
30.098,-0.249,-21806,24.1,2.59,12.58,25.4
30.199,-0.249,-21748,24.1,2.7,13.05,25.4
30.301,-0.249,-21717,24.1,2.79,13.49,25.4
30.402,-0.249,-21734,24.1,2.73,13.23,25.5
30.504,-0.249,-21759,24.1,2.67,12.94,25.5
30.605,-0.249,-21791,24.1,2.61,12.65,25.5
30.707,-0.249,-21819,24.1,2.56,12.43,25.5
30.808,-0.25,-21810,24.1,2.59,12.59,25.5
30.91,-0.249,-21780,24.1,2.65,12.82,25.5
31.011,-0.249,-21725,24.1,2.77,13.33,25.5
31.113,-0.25,-21714,24.1,2.76,13.31,25.5
31.214,-0.249,-21743,24.1,2.71,13.08,25.5
31.316,-0.249,-21776,24.1,2.65,12.87,25.5
31.418,-0.249,-21802,24.1,2.6,12.66,25.5
31.519,-0.249,-21811,24.1,2.58,12.54,25.5
31.621,-0.249,-21776,24.1,2.65,12.82,25.5
31.722,-0.249,-21733,24.1,2.73,13.17,25.5
31.824,-0.249,-21716,24.1,2.78,13.4,25.5
31.925,-0.25,-21712,24.1,2.76,13.34,25.5
32.027,-0.249,-21746,24.1,2.7,13.07,25.5
32.128,-0.249,-21768,24.1,2.66,12.87,25.5
32.23,-0.249,-21813,24.1,2.56,12.43,25.5
32.331,-0.249,-21811,24.1,2.57,12.5,25.5
32.433,-0.249,-21767,24.1,2.66,12.87,25.5
32.535,-0.249,-21713,24.1,2.79,13.43,25.5
32.637,-0.249,-21715,24.1,2.76,13.35,25.5
32.738,-0.249,-21751,24.1,2.69,13.01,25.5
32.84,-0.249,-21808,24.1,2.58,12.55,25.6
32.941,-0.249,-21837,24.1,2.53,12.36,25.6
33.043,-0.249,-21819,24.1,2.57,12.53,25.6
33.144,-0.249,-21785,24.1,2.64,12.84,25.6
33.246,-0.249,-21712,24.1,2.78,13.4,25.6
33.347,-0.249,-21708,24.1,2.78,13.42,25.6
33.449,-0.249,-21740,24.1,2.72,13.14,25.6
33.55,-0.249,-21787,24.1,2.64,12.79,25.6
33.652,-0.25,-21837,24.1,2.52,12.24,25.6
33.753,-0.25,-21861,24.1,2.49,12.17,25.6
33.855,-0.249,-21819,24.1,2.58,12.51,25.6
33.957,-0.249,-21780,24.1,2.65,12.84,25.6
34.058,-0.249,-21705,24.1,2.79,13.44,25.6
34.16,-0.249,-21724,24.1,2.74,13.24,25.6
34.261,-0.249,-21766,24.1,2.67,12.96,25.6
34.363,-0.249,-21841,24.1,2.53,12.36,25.6
34.465,-0.249,-21871,24.1,2.47,12.05,25.6
34.566,-0.249,-21856,24.1,2.51,12.24,25.6
34.668,-0.25,-21810,24.1,2.61,12.69,25.6
34.769,-0.249,-21744,24.1,2.72,13.13,25.6
34.871,-0.249,-21731,24.1,2.74,13.22,25.6
34.972,-0.25,-21751,24.1,2.69,13.05,25.6
35.074,-0.249,-21793,24.1,2.61,12.68,25.6
35.175,-0.249,-21842,24.1,2.52,12.3,25.6
35.277,-0.249,-21846,24.1,2.51,12.24,25.6
35.378,-0.249,-21826,24.1,2.57,12.46,25.7
35.48,-0.249,-21756,24.1,2.69,13.0,25.7
35.581,-0.249,-21718,24.1,2.79,13.47,25.7
35.683,-0.25,-21736,24.1,2.73,13.18,25.7
35.784,-0.249,-21772,24.1,2.66,12.88,25.7
35.886,-0.249,-21827,24.1,2.53,12.3,25.7
35.987,-0.249,-21847,24.1,2.51,12.25,25.7
36.089,-0.249,-21810,24.1,2.59,12.57,25.7
36.19,-0.249,-21786,24.1,2.64,12.8,25.7
36.292,-0.25,-21724,24.1,2.76,13.3,25.7
36.393,-0.249,-21717,24.1,2.77,13.36,25.7
36.495,-0.249,-21744,24.1,2.7,13.07,25.7
36.598,-0.249,-21791,24.1,2.63,12.76,25.7
36.699,-0.249,-21824,24.1,2.55,12.4,25.7
36.801,-0.249,-21833,24.1,2.55,12.39,25.7
36.902,-0.249,-21786,24.1,2.64,12.79,25.7
37.004,-0.249,-21732,24.1,2.73,13.22,25.7
37.105,-0.249,-21705,24.1,2.81,13.51,25.7
37.207,-0.249,-21727,24.1,2.75,13.28,25.7
37.309,-0.249,-21772,24.1,2.66,12.89,25.7
37.41,-0.25,-21818,24.1,2.56,12.45,25.7
37.512,-0.25,-21838,24.1,2.54,12.37,25.7
37.613,-0.249,-21801,24.1,2.61,12.62,25.7
37.715,-0.249,-21746,24.1,2.7,13.07,25.7
37.816,-0.249,-21706,24.1,2.8,13.52,25.7
37.918,-0.249,-21722,24.1,2.75,13.27,25.7
38.02,-0.249,-21740,24.1,2.7,13.05,25.7
38.121,-0.249,-21787,24.1,2.63,12.75,25.7
38.223,-0.25,-21824,24.1,2.55,12.39,25.8
38.324,-0.249,-21813,24.1,2.58,12.52,25.8
38.426,-0.249,-21783,24.1,2.65,12.86,25.8
38.527,-0.249,-21700,24.1,2.8,13.45,25.8
38.63,-0.249,-21702,24.1,2.8,13.5,25.8
38.731,-0.249,-21728,24.1,2.72,13.19,25.8
38.833,-0.249,-21767,24.1,2.66,12.89,25.8
38.934,-0.249,-21831,24.1,2.53,12.3,25.8
39.036,-0.249,-21841,24.1,2.53,12.33,25.8
39.137,-0.249,-21796,24.1,2.62,12.69,25.8
39.239,-0.249,-21742,24.1,2.73,13.16,25.8
39.34,-0.249,-21684,24.1,2.84,13.7,25.8
39.442,-0.249,-21720,24.1,2.76,13.3,25.8
39.543,-0.249,-21749,24.1,2.7,13.03,25.8
39.645,-0.249,-21801,24.1,2.61,12.66,25.8
39.746,-0.249,-21842,24.1,2.51,12.27,25.8
39.848,-0.25,-21822,24.1,2.57,12.46,25.8
39.949,-0.249,-21768,24.1,2.68,12.97,25.8
40.051,-0.249,-21707,24.1,2.78,13.38,25.8
40.152,-0.249,-21709,24.1,2.79,13.47,25.8
40.254,-0.249,-21739,24.1,2.73,13.18,25.8
40.355,-0.249,-21787,24.1,2.62,12.71,25.8
40.457,-0.249,-21835,24.1,2.54,12.35,25.8
40.559,-0.249,-21842,24.1,2.51,12.17,25.8
40.661,-0.249,-21815,24.1,2.58,12.53,25.8
40.762,-0.249,-21741,24.1,2.72,13.14,25.8
40.864,-0.249,-21715,24.1,2.78,13.43,25.9
40.965,-0.249,-21734,24.1,2.73,13.17,25.9
41.066,-0.249,-21763,24.1,2.67,12.93,25.9
41.168,-0.249,-21818,24.1,2.57,12.49,25.9
41.27,-0.249,-21844,24.1,2.52,12.28,25.9
41.371,-0.249,-21825,24.1,2.56,12.46,25.9
41.473,-0.25,-21786,24.1,2.65,12.83,25.9
41.574,-0.249,-21703,24.1,2.81,13.55,25.9
41.676,-0.249,-21709,24.1,2.79,13.45,25.9
41.777,-0.249,-21745,24.1,2.69,13.0,25.9
41.879,-0.23,-21352,24.1,2.2,11.12,25.9
41.98,-0.21,-19880,24.1,1.71,9.56,25.9
42.082,-0.189,-18071,24.1,1.5,9.08,25.9
42.183,-0.169,-16176,24.1,1.36,8.96,25.9
42.285,-0.149,-14259,24.1,1.2,8.94,25.9
42.386,-0.13,-12265,24.1,1.08,9.34,25.9
42.488,-0.109,-10281,24.1,0.95,9.57,25.9
42.59,-0.09,-8350,24.1,0.79,9.59,25.9
42.692,-0.07,-6511,24.1,0.58,8.88,25.9
42.793,-0.049,-4586,24.1,0.39,8.14,25.9
42.895,-0.03,-2873,24.1,0.23,7.46,25.9
42.996,0.009,-458,24.1,0.09,5.43,25.9
0.021,0.0,0,24.1,0.0,0.0,22.3
0.124,0.0,0,24.1,0.0,0.0,22.3
0.226,0.0,0,24.1,0.0,0.0,22.3
0.328,0.0,0,24.1,0.0,0.0,22.3
0.429,0.0,0,24.1,0.0,0.0,22.3
0.538,0.009,0,24.1,0.0,0.0,22.3
0.64,-0.03,-262,24.1,0.08,5.76,22.3
0.741,-0.046,-544,24.1,0.88,33.89,22.3
0.843,-0.069,-2532,24.1,1.31,34.3,22.3
0.944,-0.089,-4750,24.1,0.74,12.32,22.3
1.046,-0.109,-6707,24.1,0.95,12.41,22.3
1.147,-0.13,-8572,24.0,1.22,12.9,22.4
1.249,-0.149,-10426,24.0,1.47,13.1,22.4
1.35,-0.17,-12297,24.0,1.75,13.53,22.4
1.452,-0.189,-14176,24.0,2.04,13.88,22.4
1.553,-0.209,-16090,24.0,2.3,14.01,22.4
1.655,-0.23,-18000,24.0,2.56,14.23,22.4
1.757,-0.249,-19905,24.0,2.82,14.37,22.5
1.858,-0.249,-21400,24.0,2.7,13.2,22.4
1.96,-0.249,-21739,24.0,2.55,12.5,22.5
2.061,-0.249,-21788,24.0,2.62,12.81,22.5
2.163,-0.249,-21785,24.0,2.64,12.92,22.5
2.264,-0.249,-21801,24.0,2.61,12.77,22.5
2.366,-0.249,-21822,24.0,2.57,12.56,22.5
2.467,-0.249,-21837,24.0,2.54,12.46,22.5
2.569,-0.249,-21877,24.0,2.46,12.12,22.6
2.67,-0.249,-21860,24.0,2.5,12.32,22.6
2.772,-0.249,-21817,24.0,2.6,12.71,22.6
2.873,-0.249,-21799,24.0,2.64,12.85,22.6
2.975,-0.249,-21800,24.0,2.63,12.86,22.6
3.076,-0.249,-21822,24.0,2.58,12.61,22.7
3.178,-0.249,-21857,24.0,2.52,12.35,22.7
3.279,-0.25,-21878,24.0,2.48,12.16,22.7
3.381,-0.249,-21896,24.0,2.44,12.08,22.7
3.482,-0.249,-21851,24.0,2.54,12.44,22.7
3.584,-0.249,-21815,24.0,2.62,12.83,22.7
3.685,-0.249,-21805,24.0,2.61,12.77,22.7
3.787,-0.249,-21807,24.0,2.61,12.76,22.7
3.888,-0.249,-21835,24.0,2.54,12.49,22.8
3.99,-0.25,-21852,24.0,2.52,12.38,22.8
4.091,-0.249,-21890,24.0,2.44,12.05,22.8
4.193,-0.249,-21864,24.0,2.51,12.33,22.8
4.295,-0.25,-21814,24.1,2.6,12.73,22.8
4.396,-0.249,-21819,24.1,2.59,12.65,22.9
4.498,-0.25,-21855,24.1,2.51,12.32,22.9
4.599,-0.25,-21874,24.1,2.48,12.23,22.9
4.701,-0.249,-21887,24.1,2.46,12.12,22.9
4.802,-0.249,-21900,24.1,2.44,12.09,22.9
4.904,-0.25,-21857,24.1,2.53,12.42,22.9
5.005,-0.249,-21798,24.0,2.65,12.9,22.9
5.107,-0.249,-21790,24.0,2.65,12.89,22.9
5.209,-0.249,-21835,24.1,2.56,12.54,23.0
5.31,-0.249,-21857,24.1,2.5,12.29,23.0
5.412,-0.249,-21870,24.1,2.48,12.22,23.0
5.513,-0.25,-21884,24.1,2.45,12.07,23.0
5.615,-0.249,-21880,24.1,2.46,12.1,23.0
5.716,-0.249,-21785,24.0,2.62,12.76,23.1
5.818,-0.249,-21794,24.1,2.64,12.88,23.1
5.919,-0.249,-21784,24.1,2.66,12.94,23.1
6.021,-0.249,-21823,24.1,2.57,12.61,23.1
6.122,-0.249,-21817,24.1,2.6,12.69,23.1
6.224,-0.249,-21867,24.1,2.49,12.24,23.1
6.325,-0.25,-21879,24.1,2.48,12.19,23.1
6.427,-0.249,-21856,24.0,2.53,12.42,23.2
6.529,-0.249,-21830,24.0,2.58,12.64,23.2
6.63,-0.249,-21813,24.1,2.61,12.75,23.2
6.732,-0.249,-21829,24.1,2.57,12.58,23.2
6.833,-0.25,-21829,24.1,2.58,12.63,23.2
6.935,-0.249,-21863,24.1,2.51,12.36,23.2
7.036,-0.249,-21888,24.1,2.46,12.09,23.2
7.138,-0.249,-21901,24.1,2.44,12.03,23.2
7.24,-0.25,-21872,24.1,2.51,12.31,23.3
7.341,-0.249,-21840,24.1,2.57,12.57,23.3
7.443,-0.249,-21845,24.1,2.54,12.42,23.3
7.545,-0.249,-21857,24.1,2.52,12.37,23.3
7.647,-0.249,-21859,24.1,2.52,12.34,23.3
7.749,-0.249,-21876,24.1,2.48,12.21,23.3
7.85,-0.249,-21892,24.1,2.44,12.0,23.3
7.952,-0.25,-21887,24.1,2.45,12.12,23.4
8.053,-0.249,-21837,24.1,2.56,12.52,23.4
8.155,-0.249,-21836,24.1,2.56,12.51,23.4
8.256,-0.249,-21859,24.1,2.51,12.33,23.4
8.358,-0.249,-21867,24.1,2.5,12.29,23.4
8.459,-0.249,-21875,24.1,2.48,12.18,23.4
8.561,-0.249,-21900,24.1,2.43,11.99,23.4
8.662,-0.249,-21897,24.1,2.44,12.05,23.4
8.764,-0.249,-21852,24.1,2.53,12.37,23.5
8.865,-0.25,-21834,24.1,2.56,12.54,23.5
8.967,-0.249,-21857,24.1,2.51,12.34,23.5
9.068,-0.249,-21879,24.1,2.47,12.14,23.5
9.17,-0.249,-21886,24.1,2.47,12.16,23.5
9.272,-0.249,-21899,24.1,2.45,12.1,23.5
9.373,-0.249,-21907,24.1,2.42,11.95,23.5
9.475,-0.249,-21884,24.1,2.47,12.13,23.5
9.576,-0.249,-21848,24.1,2.55,12.46,23.5
9.678,-0.249,-21842,24.1,2.54,12.4,23.5
9.779,-0.249,-21852,24.1,2.53,12.43,23.6
9.881,-0.249,-21853,24.1,2.53,12.36,23.6
9.982,-0.249,-21877,24.1,2.46,12.1,23.6
10.084,-0.249,-21901,24.1,2.43,12.01,23.6
13.807,-0.249,-21886,24.1,2.46,12.1,23.6
0.021,0.0,0,24.1,0.06,0.32,22.5
0.155,0.0,0,24.1,0.0,0.0,22.5
0.256,0.0,0,24.1,0.0,0.0,22.5
0.358,0.0,0,24.1,0.0,0.0,22.5
0.459,0.0,0,24.1,0.0,0.0,22.5
0.561,0.01,3,24.1,0.0,-0.43,22.5
0.662,-0.03,-229,24.1,0.26,13.68,22.5
0.764,-0.049,-872,24.1,1.36,42.83,22.5
0.865,-0.07,-3481,24.1,0.85,19.53,22.5
0.966,-0.09,-5561,24.1,0.79,11.79,22.5
1.068,-0.109,-7457,24.1,1.03,12.34,22.5
1.169,-0.13,-9311,24.1,1.28,12.69,22.5
1.27,-0.149,-11162,24.1,1.54,13.02,22.6
1.372,-0.17,-13046,24.1,1.79,13.21,22.6
1.473,-0.189,-14950,24.1,2.06,13.44,22.6
1.575,-0.209,-16858,24.0,2.31,13.6,22.6
1.676,-0.229,-18753,24.0,2.57,13.72,22.6
1.778,-0.249,-20595,24.0,2.95,14.54,22.6
1.879,-0.27,-22420,24.0,3.32,15.02,22.6
1.98,-0.29,-24307,24.0,3.61,15.37,22.7
2.081,-0.309,-26178,24.0,3.91,15.75,22.7
2.182,-0.33,-28021,24.0,4.25,16.13,22.7
2.283,-0.35,-29906,24.0,4.47,15.93,22.7
2.385,-0.368,-31708,24.0,4.86,16.26,22.7
2.486,-0.39,-33469,24.0,5.4,16.96,22.8
2.587,-0.399,-34998,24.0,5.31,15.95,22.8
2.689,-0.399,-35451,24.0,4.88,14.8,22.8
2.79,-0.399,-35578,24.0,4.7,14.25,22.8
2.891,-0.399,-35555,24.0,4.83,14.59,22.8
2.993,-0.399,-35545,24.0,4.94,14.96,22.9
3.094,-0.399,-35567,24.0,4.87,14.71,22.9
3.196,-0.399,-35602,24.0,4.72,14.33,22.9
3.297,-0.398,-35651,24.0,4.54,13.79,23.0
3.399,-0.399,-35593,24.0,4.82,14.6,22.9
3.5,-0.4,-35573,24.0,4.84,14.71,23.0
3.602,-0.399,-35618,24.0,4.71,14.28,23.0
3.703,-0.399,-35670,24.0,4.58,13.92,23.0
3.804,-0.399,-35623,24.0,4.67,14.18,23.0
3.906,-0.399,-35603,24.0,4.8,14.55,23.0
4.007,-0.399,-35631,24.0,4.67,14.14,23.1
4.109,-0.399,-35651,24.0,4.62,14.08,23.1
4.21,-0.399,-35665,24.0,4.53,13.8,23.1
4.311,-0.399,-35581,24.0,4.83,14.63,23.1
4.412,-0.399,-35568,24.0,4.89,14.79,23.1
4.514,-0.398,-35590,24.0,4.81,14.52,23.2
4.615,-0.399,-35625,24.0,4.66,14.12,23.2
4.716,-0.399,-35586,24.0,4.81,14.58,23.2
4.818,-0.399,-35498,24.0,5.14,15.47,23.3
4.919,-0.399,-35451,24.0,5.21,15.72,23.2
5.021,-0.399,-35415,24.0,5.45,16.29,23.3
5.122,-0.4,-35362,24.0,5.45,16.41,23.3
5.224,-0.399,-35334,24.0,5.58,16.75,23.3
5.325,-0.399,-35349,24.0,5.47,16.46,23.3
5.427,-0.399,-35439,24.0,5.33,16.02,23.4
5.528,-0.398,-35512,24.0,5.03,15.19,23.4
5.629,-0.399,-35564,24.0,4.82,14.62,23.4
5.73,-0.399,-35537,24.0,5.02,15.13,23.4
5.832,-0.399,-35552,24.0,4.95,14.98,23.4
5.933,-0.399,-35588,24.0,4.82,14.58,23.4
6.034,-0.399,-35628,24.0,4.72,14.42,23.4
6.135,-0.398,-35562,24.0,4.95,14.96,23.5
6.237,-0.399,-35516,24.0,5.1,15.33,23.5
6.338,-0.399,-35578,24.0,4.9,14.83,23.5
6.44,-0.399,-35617,24.0,4.71,14.3,23.5
6.541,-0.398,-35617,24.0,4.73,14.32,23.5
6.642,-0.399,-35550,24.0,4.99,15.04,23.5
6.743,-0.399,-35541,24.0,5.02,15.21,23.6
6.845,-0.398,-35575,24.0,4.9,14.84,23.6
6.946,-0.399,-35638,24.0,4.66,14.13,23.6
7.047,-0.399,-35583,24.0,4.84,14.62,23.6
6.237,-0.399,-35550,24.0,4.98,15.06,23.6
6.338,-0.397,-35574,24.1,4.9,14.8,23.6
6.439,-0.399,-35615,24.0,4.75,14.36,23.7
6.541,-0.399,-35650,24.0,4.65,14.07,23.7
6.642,-0.399,-35562,24.0,4.93,14.89,23.7
6.744,-0.399,-35556,24.0,4.99,15.02,23.7
6.845,-0.399,-35588,24.0,4.86,14.74,23.7
6.946,-0.398,-35647,24.1,4.65,14.19,23.7
7.048,-0.399,-35603,24.0,4.78,14.45,23.8
7.15,-0.398,-35568,24.0,4.99,15.12,23.8
7.251,-0.399,-35581,24.0,4.87,14.77,23.8
7.353,-0.399,-35615,24.0,4.76,14.45,23.8
7.454,-0.399,-35672,24.0,4.58,13.92,23.8
7.556,-0.399,-35604,24.0,4.81,14.57,23.8
7.658,-0.398,-35585,24.0,4.88,14.8,23.8
7.759,-0.399,-35571,24.0,4.92,14.9,23.9
7.86,-0.4,-35609,24.0,4.82,14.67,23.9
7.962,-0.399,-35604,24.0,4.79,14.55,23.9
8.063,-0.399,-35582,24.0,4.89,14.79,23.9
8.164,-0.399,-35562,24.1,4.89,14.82,23.9
8.266,-0.398,-35585,24.1,4.93,14.91,23.9
8.367,-0.399,-35660,24.1,4.58,13.96,23.9
8.67,-0.398,-35584,24.0,4.82,14.55,24.0
8.771,-0.399,-35597,24.0,4.87,14.75,24.0
8.872,-0.398,-35617,24.1,4.73,14.35,24.0
8.973,-0.4,-35594,24.0,4.84,14.64,24.0
9.075,-0.399,-35603,24.1,4.83,14.63,24.0
9.176,-0.399,-35628,24.1,4.76,14.43,24.0
9.277,-0.399,-35680,24.1,4.56,13.83,24.0
9.701,-0.399,-35629,24.1,4.78,14.47,24.1
9.802,-0.399,-35637,24.1,4.68,14.18,24.1
9.904,-0.399,-35589,24.1,4.91,14.86,24.1
10.005,-0.399,-35573,24.1,4.92,14.86,24.2
10.107,-0.399,-35606,24.1,4.82,14.57,24.2
10.208,-0.398,-35655,24.1,4.67,14.15,24.2
10.309,-0.398,-35605,24.1,4.81,14.58,24.2
10.41,-0.397,-35595,24.1,4.89,14.79,24.2
10.512,-0.399,-35599,24.0,4.88,14.72,24.2
10.613,-0.399,-35666,24.1,4.62,14.02,24.2
10.714,-0.399,-35639,24.0,4.69,14.19,24.2
10.815,-0.399,-35598,24.1,4.86,14.75,24.2
10.917,-0.4,-35603,24.1,4.83,14.6,24.2
11.018,-0.399,-35631,24.1,4.74,14.34,24.2
11.119,-0.399,-35685,24.1,4.54,13.75,24.2
11.22,-0.398,-35643,24.1,4.71,14.29,24.3
11.322,-0.399,-35625,24.0,4.85,14.74,24.3
11.423,-0.399,-35605,24.1,4.86,14.76,24.3
11.524,-0.399,-35636,24.1,4.75,14.42,24.3
11.625,-0.399,-35667,24.1,4.62,14.01,24.3
11.726,-0.399,-35597,24.1,4.89,14.75,24.3
11.827,-0.4,-35593,24.1,4.89,14.78,24.3
11.928,-0.399,-35615,24.1,4.79,14.48,24.3
12.03,-0.399,-35665,24.1,4.61,14.03,24.3
12.131,-0.399,-35628,24.1,4.78,14.56,24.3
12.897,-0.399,-35640,24.1,4.83,14.63,24.4
12.999,-0.397,-35677,24.1,4.54,13.81,24.4
13.1,-0.399,-35621,24.1,4.83,14.65,24.4
13.201,-0.399,-35619,24.1,4.8,14.58,24.4
13.303,-0.399,-35609,24.1,4.85,14.66,24.5
13.404,-0.399,-35680,24.1,4.63,14.1,24.5
13.506,-0.4,-35645,24.1,4.69,14.21,24.5
13.607,-0.398,-35622,24.1,4.81,14.61,24.5
13.709,-0.399,-35619,24.1,4.8,14.51,24.5
13.81,-0.399,-35668,24.1,4.67,14.25,24.5
13.911,-0.399,-35724,24.1,4.41,13.39,24.5
14.012,-0.399,-35654,24.1,4.76,14.5,24.5
14.114,-0.398,-35642,24.1,4.72,14.29,24.5
14.215,-0.399,-35637,24.1,4.75,14.32,24.5
14.316,-0.399,-35727,24.1,4.46,13.62,24.5
14.417,-0.398,-35687,24.1,4.58,14.0,24.5
14.519,-0.398,-35642,24.1,4.8,14.57,24.6
14.62,-0.399,-35650,24.1,4.75,14.4,24.6
14.722,-0.399,-35698,24.1,4.55,13.81,24.6
14.823,-0.399,-35735,24.1,4.4,13.36,24.6
14.926,-0.399,-35657,24.1,4.74,14.3,24.6
15.028,-0.399,-35644,24.1,4.75,14.39,24.6
15.129,-0.397,-35616,24.1,4.84,14.61,24.6
15.231,-0.399,-35665,24.1,4.68,14.21,24.6
15.332,-0.399,-35578,24.1,4.93,14.93,24.6
15.433,-0.399,-35593,24.1,4.93,14.95,24.6
15.535,-0.399,-35574,24.1,4.91,14.88,24.7
15.636,-0.399,-35568,24.1,4.93,14.92,24.7
15.737,-0.399,-35628,24.1,4.81,14.58,24.7
15.839,-0.399,-35528,24.1,5.13,15.43,24.7
15.94,-0.399,-35563,24.1,4.95,15.03,24.7
16.042,-0.399,-35554,24.1,5.08,15.37,24.7
16.143,-0.399,-35560,24.1,5.08,15.32,24.7
16.244,-0.399,-35480,24.1,5.17,15.56,24.7
16.346,-0.399,-35525,24.1,5.2,15.69,24.7
16.447,-0.399,-35534,24.1,5.04,15.18,24.7
16.549,-0.4,-35602,24.1,4.77,14.41,24.7
16.65,-0.398,-35723,24.1,4.51,13.8,24.7
16.752,-0.399,-35688,24.1,4.58,13.87,24.7
16.853,-0.399,-35706,24.1,4.58,14.03,24.7
16.955,-0.399,-35705,24.1,4.54,13.85,24.8
17.058,-0.399,-35716,24.1,4.51,13.78,24.8
17.159,-0.399,-35723,24.1,4.47,13.67,24.8
17.261,-0.399,-35702,24.1,4.59,13.97,24.8
17.362,-0.399,-35720,24.1,4.5,13.72,24.8
17.463,-0.399,-35719,24.1,4.56,13.92,24.8
17.564,-0.399,-35754,24.1,4.4,13.39,24.8
17.665,-0.399,-35730,24.1,4.44,13.54,24.8
17.766,-0.399,-35727,24.1,4.53,13.8,24.8
17.867,-0.399,-35731,24.1,4.49,13.65,24.8
17.969,-0.399,-35736,24.1,4.49,13.58,24.8
18.07,-0.399,-35755,24.1,4.39,13.42,24.8
18.171,-0.399,-35733,24.1,4.49,13.62,24.8
18.272,-0.399,-35739,24.1,4.48,13.73,24.9
18.373,-0.399,-35731,24.1,4.48,13.58,24.9
18.475,-0.399,-35758,24.1,4.42,13.5,24.9
18.576,-0.399,-35748,24.1,4.41,13.48,24.9
18.677,-0.399,-35724,24.1,4.52,13.79,24.9
18.779,-0.399,-35721,24.1,4.5,13.61,24.9
18.88,-0.399,-35728,24.1,4.54,13.75,24.9
18.981,-0.399,-35751,24.1,4.38,13.32,24.9
19.083,-0.399,-35718,24.1,4.54,13.86,24.9
19.184,-0.4,-35735,24.1,4.51,13.73,24.9
19.285,-0.399,-35722,24.1,4.48,13.61,24.9
19.387,-0.4,-35773,24.1,4.38,13.35,24.9
19.488,-0.399,-35754,24.1,4.39,13.32,24.9
19.589,-0.399,-35737,24.1,4.5,13.8,24.9
19.691,-0.399,-35742,24.1,4.47,13.62,24.9
19.792,-0.399,-35734,24.1,4.52,13.69,24.9
19.893,-0.398,-35755,24.1,4.35,13.23,25.0
19.994,-0.399,-35726,24.1,4.54,13.81,25.0
20.096,-0.399,-35748,24.0,4.43,13.52,25.0
20.198,-0.4,-35748,24.0,4.43,13.43,25.0
20.299,-0.399,-35770,24.0,4.39,13.36,25.0
20.401,-0.399,-35751,24.0,4.39,13.41,25.0
20.503,-0.399,-35744,24.0,4.51,13.78,25.0
20.605,-0.399,-35726,24.0,4.5,13.72,25.0
20.707,-0.399,-35716,24.0,4.56,13.84,25.0
20.808,-0.399,-35747,24.0,4.4,13.43,25.0
20.91,-0.399,-35726,24.0,4.52,13.7,25.0
21.011,-0.399,-35753,24.0,4.45,13.58,25.0
21.113,-0.399,-35716,24.0,4.54,13.84,25.0
21.215,-0.4,-35750,24.0,4.46,13.56,25.0
21.317,-0.397,-35740,24.0,4.43,13.44,25.0
21.418,-0.399,-35738,24.0,4.49,13.65,25.0
21.52,-0.399,-35721,24.0,4.49,13.7,25.1
21.622,-0.399,-35709,24.0,4.61,13.91,25.1
0.057,0.0,0,24.0,0.0,0.0,15.2
0.17,0.0,0,24.0,0.0,0.0,15.2
0.272,0.0,0,24.0,0.0,0.0,15.2
0.375,0.0,0,24.0,0.0,0.0,15.2
0.54,-0.02,5,24.0,0.0,-0.08,15.2
0.642,-0.04,-258,24.0,0.42,21.95,15.2
0.743,-0.06,-1145,24.0,1.56,46.75,15.2
0.845,-0.08,-3759,24.0,0.74,14.78,15.2
0.946,-0.1,-5745,24.0,0.91,13.16,15.2
1.049,-0.119,-7684,24.0,1.15,13.28,15.2
1.151,-0.14,-9499,24.0,1.46,13.96,15.2
1.252,-0.159,-11349,24.0,1.73,14.24,15.3
1.353,-0.179,-13212,24.0,2.01,14.46,15.3
1.455,-0.199,-15086,24.0,2.32,14.82,15.3
1.556,-0.22,-16947,24.0,2.64,15.23,15.3
1.657,-0.239,-18810,24.0,2.97,15.64,15.3
1.759,-0.26,-20677,24.0,3.28,16.02,15.3
1.86,-0.279,-22532,24.0,3.63,16.45,15.3
1.961,-0.3,-24380,24.0,3.98,16.84,15.4
2.063,-0.32,-26237,24.0,4.28,16.83,15.4
2.164,-0.338,-28073,24.0,4.59,16.86,15.4
2.265,-0.36,-29887,24.0,4.99,17.14,15.4
2.367,-0.378,-31703,24.0,5.32,17.22,15.4
2.468,-0.399,-33523,24.0,5.66,17.31,15.5
2.569,-0.399,-34897,24.0,5.3,15.62,15.5
2.671,-0.399,-35238,24.0,5.03,14.79,15.5
2.772,-0.399,-35304,24.0,5.05,14.86,15.5
2.873,-0.399,-35331,24.0,5.0,14.7,15.5
2.975,-0.399,-35346,24.0,5.0,14.73,15.6
3.076,-0.399,-35347,24.0,4.97,14.62,15.6
3.177,-0.399,-35338,24.0,4.99,14.65,15.6
3.279,-0.399,-35348,24.0,4.98,14.64,15.6
3.38,-0.399,-35350,24.0,4.97,14.6,15.6
3.481,-0.399,-35344,24.0,4.98,14.62,15.7
3.583,-0.379,-34892,24.0,4.31,13.13,15.7
3.684,-0.359,-33393,24.0,3.84,12.45,15.7
3.785,-0.339,-31661,24.0,3.5,12.22,15.7
0.021,0.0,0,24.0,0.02,0.14,15.4
0.125,0.0,0,24.0,0.0,0.0,15.4
0.226,0.0,0,24.0,0.0,0.0,15.4
0.328,0.0,0,24.0,0.0,0.0,15.4
0.43,0.0,0,24.0,0.0,0.0,15.4
0.535,-0.01,0,24.0,0.0,0.0,15.4
0.637,-0.03,-261,24.0,0.08,5.96,15.4
0.738,-0.044,-563,24.0,0.91,35.06,15.4
0.84,-0.07,-2546,24.0,1.35,35.55,15.4
0.941,-0.09,-4808,24.0,0.7,11.59,15.4
1.043,-0.11,-6723,24.0,0.96,12.42,15.4
1.144,-0.13,-8562,24.0,1.23,13.02,15.5
1.246,-0.15,-10403,24.0,1.51,13.5,15.5
1.347,-0.17,-12275,24.0,1.79,13.84,15.5
1.449,-0.189,-14160,24.0,2.08,14.15,15.5
1.55,-0.21,-16064,24.0,2.34,14.25,15.5
1.652,-0.23,-17923,24.0,2.66,14.66,15.5
1.753,-0.249,-19764,24.0,3.03,15.3,15.5
1.855,-0.27,-21626,24.0,3.34,15.53,15.6
1.956,-0.289,-23492,24.0,3.65,15.83,15.6
2.058,-0.31,-25328,24.0,4.02,16.25,15.6
2.159,-0.33,-27188,24.0,4.35,16.53,15.6
2.261,-0.349,-29021,24.0,4.68,16.69,15.6
2.362,-0.37,-30844,24.0,5.0,16.66,15.7
2.464,-0.389,-32675,24.0,5.37,16.96,15.7
2.565,-0.399,-34487,24.0,5.46,16.3,15.7
2.667,-0.399,-35180,24.0,4.92,14.48,15.7
2.768,-0.399,-35360,24.0,4.86,14.3,15.7
2.87,-0.399,-35376,24.0,4.88,14.37,15.8
2.972,-0.399,-35382,24.0,4.91,14.42,15.8
3.074,-0.399,-35386,24.0,4.88,14.35,15.8
3.175,-0.4,-35376,24.0,4.9,14.4,15.8
3.277,-0.399,-35396,24.0,4.83,14.21,15.9
3.378,-0.399,-35387,24.0,4.88,14.34,15.9
3.48,-0.399,-35415,24.0,4.77,14.04,15.9
3.581,-0.389,-35363,24.0,4.58,13.63,15.9
3.683,-0.37,-34203,24.0,3.74,11.94,15.9
3.784,-0.35,-32493,24.0,3.53,11.79,16.0
3.886,-0.33,-30668,24.0,3.33,11.95,16.0
3.987,-0.31,-28855,24.0,3.05,11.69,16.0
0.021,0.0,0,24.0,0.03,0.21,15.5
0.123,0.0,0,24.0,0.0,0.0,15.5
0.225,0.0,0,24.0,0.0,0.0,15.5
0.327,0.0,0,24.0,0.0,0.0,15.5
0.428,0.0,0,24.0,0.0,0.0,15.5
0.539,-0.009,0,24.0,0.0,0.0,15.5
0.641,-0.03,-255,24.0,0.07,5.38,15.5
0.742,-0.043,-562,24.0,0.93,35.76,15.5
0.844,-0.07,-2524,24.0,1.38,36.2,15.5
0.945,-0.09,-4801,24.0,0.68,11.31,15.6
1.047,-0.109,-6749,24.0,0.92,11.93,15.6
1.149,-0.13,-8604,24.0,1.18,12.44,15.6
1.25,-0.149,-10454,24.0,1.45,12.89,15.6
1.351,-0.17,-12306,24.0,1.74,13.43,15.6
1.453,-0.189,-14173,24.0,2.06,14.0,15.6
1.554,-0.21,-16063,24.0,2.36,14.35,15.6
1.656,-0.23,-17942,24.0,2.65,14.64,15.6
1.758,-0.249,-19813,24.0,2.95,14.87,15.6
1.86,-0.27,-21669,24.0,3.28,15.23,15.7
1.961,-0.29,-23524,24.0,3.63,15.73,15.7
2.063,-0.309,-25372,24.0,3.95,16.04,15.7
2.164,-0.329,-27197,24.0,4.33,16.4,15.7
2.266,-0.349,-29025,24.0,4.67,16.62,15.7
2.367,-0.37,-30889,24.0,4.91,16.41,15.7
2.469,-0.389,-32697,24.0,5.33,16.78,15.8
2.57,-0.399,-34515,24.0,5.44,16.28,15.8
2.672,-0.399,-35207,24.0,4.84,14.23,15.8
2.773,-0.4,-35339,24.0,4.93,14.47,15.8
2.875,-0.4,-35356,24.0,4.96,14.58,15.9
2.976,-0.399,-35373,24.0,4.97,14.59,15.9
3.078,-0.389,-35375,24.0,4.62,13.73,15.9
3.179,-0.369,-34208,24.0,3.87,12.16,15.9
3.281,-0.349,-32554,24.0,3.53,11.81,15.9
3.484,-0.309,-28940,24.0,3.03,11.57,16.0
0.021,0.0,0,24.0,0.03,0.22,15.6
0.123,0.0,0,24.0,0.0,0.0,15.6
0.225,0.0,0,24.0,0.0,0.0,15.6
0.327,0.0,0,24.0,0.0,0.0,15.6
0.428,0.0,0,24.0,0.0,0.0,15.6
0.539,-0.01,0,24.0,0.0,0.0,15.6
0.64,-0.03,-262,24.0,0.08,6.17,15.6
0.742,-0.045,-561,24.0,0.91,35.14,15.7
0.843,-0.07,-2513,24.0,1.36,35.62,15.7
0.945,-0.09,-4785,24.0,0.72,11.98,15.7
1.046,-0.109,-6715,24.0,0.97,12.59,15.7
1.148,-0.13,-8568,24.0,1.22,12.93,15.7
1.249,-0.149,-10435,24.0,1.46,13.06,15.7
1.351,-0.17,-12304,24.0,1.75,13.52,15.7
1.452,-0.189,-14189,24.0,2.03,13.83,15.7
1.554,-0.21,-16058,24.0,2.33,14.25,15.7
1.655,-0.23,-17932,24.0,2.65,14.6,15.8
1.757,-0.249,-19825,24.0,2.91,14.83,15.8
1.858,-0.27,-21712,24.0,3.18,15.07,15.8
1.96,-0.29,-23548,24.0,3.57,15.69,15.8
2.061,-0.309,-25381,24.0,3.95,16.17,15.8
2.163,-0.329,-27222,24.0,4.24,16.16,15.8
2.265,-0.349,-29031,24.0,4.65,16.54,15.8
2.366,-0.369,-30875,24.0,4.94,16.52,15.9
2.468,-0.389,-32717,24.0,5.22,16.5,15.9
2.569,-0.399,-34510,24.0,5.41,16.14,15.9
2.671,-0.379,-34792,24.0,4.15,12.59,15.9
2.772,-0.36,-33444,24.0,3.65,11.83,16.0
2.874,-0.339,-31726,24.0,3.37,11.63,16.0
2.975,-0.319,-29931,24.0,3.08,11.37,16.0
0.021,0.0,0,24.0,0.06,0.42,15.8
0.124,0.0,0,24.0,0.0,0.0,15.8
0.225,0.0,0,24.0,0.0,0.0,15.8
0.327,0.0,0,24.0,0.0,0.0,15.8
0.429,0.0,0,24.0,0.0,0.0,15.8
0.539,0.009,0,24.0,0.0,0.0,15.8
0.64,-0.03,-256,24.0,0.08,5.89,15.8
0.742,-0.045,-559,24.0,0.92,35.35,15.8
0.843,-0.07,-2517,24.0,1.36,35.73,15.8
0.945,-0.09,-4818,24.0,0.68,11.4,15.8
1.046,-0.109,-6737,24.0,0.94,12.16,15.8
1.148,-0.13,-8609,24.0,1.18,12.42,15.9
1.249,-0.149,-10461,24.0,1.45,12.89,15.9
1.351,-0.17,-12354,24.0,1.7,13.12,15.9
1.452,-0.189,-14237,24.0,1.99,13.52,15.9
1.554,-0.199,-16121,24.0,2.19,13.43,15.9
1.655,-0.179,-16495,24.0,1.61,10.08,15.9
1.757,-0.159,-15138,24.0,1.27,8.82,16.0
1.858,-0.139,-13365,24.0,1.08,8.54,16.0
1.96,-0.12,-11530,24.0,0.88,8.19,16.0
2.061,-0.099,-9631,24.0,0.7,7.76,16.0
2.163,-0.08,-7739,24.0,0.55,7.42,16.0
2.264,-0.06,-5851,24.0,0.39,6.73,16.0
2.366,-0.039,-4002,24.0,0.26,7.17,16.0
2.468,-0.02,-2320,24.0,0.13,5.78,16.0
2.569,0.0,29,24.0,0.02,1.39,16.1
2.671,0.0,0,24.0,0.0,0.06,16.1
2.772,0.0,0,24.0,0.0,0.05,16.1
2.974,0.0,0,24.0,0.0,0.04,16.1
0.021,0.0,0,24.0,0.0,0.0,15.2
0.125,0.0,0,24.0,0.0,0.0,15.2
0.226,0.0,0,24.0,0.0,0.0,15.1
0.328,0.0,0,24.0,0.0,0.0,15.1
0.43,0.0,0,24.0,0.0,0.0,15.1
0.538,-0.009,0,24.0,0.0,0.0,15.1
0.639,-0.03,-260,24.0,0.08,6.05,15.2
0.741,-0.044,-562,24.0,0.92,35.59,15.1
0.842,-0.07,-2537,24.0,1.38,36.06,15.2
0.944,-0.09,-4799,24.0,0.69,11.5,15.2
1.045,-0.109,-6733,24.0,0.95,12.33,15.2
1.147,-0.13,-8572,24.0,1.22,12.88,15.2
1.248,-0.149,-10410,24.0,1.51,13.44,15.2
1.35,-0.17,-12264,24.0,1.8,13.9,15.2
1.451,-0.189,-14131,24.0,2.11,14.36,15.2
1.553,-0.199,-16020,24.0,2.34,14.33,15.2
1.654,-0.18,-16392,24.0,1.76,10.94,15.3
1.756,-0.159,-15023,24.0,1.42,9.87,15.3
1.857,-0.139,-13252,24.0,1.2,9.49,15.3
1.959,-0.12,-11395,24.0,0.99,9.18,15.3
2.06,-0.099,-9507,24.0,0.79,8.7,15.3
2.162,-0.08,-7649,24.0,0.59,7.98,15.3
2.263,-0.06,-5780,24.0,0.43,7.54,15.4
2.365,-0.04,-3952,24.0,0.27,7.47,15.4
2.466,-0.02,-2301,24.0,0.15,6.38,15.4
2.568,0.0,46,24.0,0.01,0.9,15.4
2.669,0.0,0,24.0,0.0,0.05,15.4
2.771,0.0,0,24.0,0.0,0.05,15.4
2.973,0.0,4,24.0,0.0,0.05,15.4
